solver,instance,status,objval,objbound,solvertime,totaltime,filename
BONMIN_BB,200_0_5_w, , , , , ,BONMIN_BB.200_0_5_w.cbf.gz.txt
BONMIN_BB,75_0_5_w, , , , , ,BONMIN_BB.75_0_5_w.cbf.gz.txt
BONMIN_BB,ck_n75_m20_o3_5, , , , , ,BONMIN_BB.ck_n75_m20_o3_5.cbf.gz.txt
BONMIN_BB,ck_n75_m20_o5_5, , , , , ,BONMIN_BB.ck_n75_m20_o5_5.cbf.gz.txt
BONMIN_BB,uflquad-nopsc-10-100, , , , , ,BONMIN_BB.uflquad-nopsc-10-100.cbf.gz.txt
BONMIN_BB,uflquad-nopsc-20-100, , , , , ,BONMIN_BB.uflquad-nopsc-20-100.cbf.gz.txt
BONMIN_BB,uflquad-nopsc-30-100, , , , , ,BONMIN_BB.uflquad-nopsc-30-100.cbf.gz.txt
BONMIN_BB,uflquad-nopsc-30-150, , , , , ,BONMIN_BB.uflquad-nopsc-30-150.cbf.gz.txt
BONMIN_BB,uflquad-nopsc-30-200, , , , , ,BONMIN_BB.uflquad-nopsc-30-200.cbf.gz.txt
BONMIN_BB,uflquad-psc-20-150, , , , , ,BONMIN_BB.uflquad-psc-20-150.cbf.gz.txt
BONMIN_BB,uflquad-psc-30-100, , , , , ,BONMIN_BB.uflquad-psc-30-100.cbf.gz.txt
BONMIN_BB,uflquad-psc-30-150, , , , , ,BONMIN_BB.uflquad-psc-30-150.cbf.gz.txt
BONMIN_BB,uflquad-psc-30-200, , , , , ,BONMIN_BB.uflquad-psc-30-200.cbf.gz.txt
BONMIN_BB,uflquad-psc-30-300, , , , , ,BONMIN_BB.uflquad-psc-30-300.cbf.gz.txt
BONMIN_OA,75_0_5_w, , , , , ,BONMIN_OA.75_0_5_w.cbf.gz.txt
BONMIN_OA,achtziger_stolpe06-62flowc, , , , , ,BONMIN_OA.achtziger_stolpe06-62flowc.cbf.gz.txt
BONMIN_OA,achtziger_stolpe06-65bflowc, , , , , ,BONMIN_OA.achtziger_stolpe06-65bflowc.cbf.gz.txt
BONMIN_OA,achtziger_stolpe06-65flowc, , , , , ,BONMIN_OA.achtziger_stolpe06-65flowc.cbf.gz.txt
BONMIN_OA,achtziger_stolpe07-51flowc, , , , , ,BONMIN_OA.achtziger_stolpe07-51flowc.cbf.gz.txt
BONMIN_OA,achtziger_stolpe07-52bflowc, , , , , ,BONMIN_OA.achtziger_stolpe07-52bflowc.cbf.gz.txt
BONMIN_OA,achtziger_stolpe07-53flowc, , , , , ,BONMIN_OA.achtziger_stolpe07-53flowc.cbf.gz.txt
BONMIN_OA,b1bigflowc, , , , , ,BONMIN_OA.b1bigflowc.cbf.gz.txt
BONMIN_OA,ck_n75_m10_o5_5, , , , , ,BONMIN_OA.ck_n75_m10_o5_5.cbf.gz.txt
BONMIN_OA,estein5_A, , , , , ,BONMIN_OA.estein5_A.cbf.gz.txt
BONMIN_OA,estein5_B, , , , , ,BONMIN_OA.estein5_B.cbf.gz.txt
BONMIN_OA,estein5_C, , , , , ,BONMIN_OA.estein5_C.cbf.gz.txt
BONMIN_OA,estein5_nr1, , , , , ,BONMIN_OA.estein5_nr1.cbf.gz.txt
BONMIN_OA,stolpe07-82flowc, , , , , ,BONMIN_OA.stolpe07-82flowc.cbf.gz.txt
BONMIN_OA,uflquad-nopsc-30-150, , , , , ,BONMIN_OA.uflquad-nopsc-30-150.cbf.gz.txt
BONMIN_OA,uflquad-nopsc-30-200, , , , , ,BONMIN_OA.uflquad-nopsc-30-200.cbf.gz.txt
BONMIN_OA,uflquad-nopsc-30-300, , , , , ,BONMIN_OA.uflquad-nopsc-30-300.cbf.gz.txt
BONMIN_OA,uflquad-psc-20-100, , , , , ,BONMIN_OA.uflquad-psc-20-100.cbf.gz.txt
BONMIN_OA,uflquad-psc-20-150, , , , , ,BONMIN_OA.uflquad-psc-20-150.cbf.gz.txt
BONMIN_OA,uflquad-psc-30-100, , , , , ,BONMIN_OA.uflquad-psc-30-100.cbf.gz.txt
BONMIN_OA,uflquad-psc-30-150, , , , , ,BONMIN_OA.uflquad-psc-30-150.cbf.gz.txt
BONMIN_OA,uflquad-psc-30-200, , , , , ,BONMIN_OA.uflquad-psc-30-200.cbf.gz.txt
BONMIN_OA,uflquad-psc-30-300, , , , , ,BONMIN_OA.uflquad-psc-30-300.cbf.gz.txt
BONMIN_OADIS,75_0_5_w, , , , , ,BONMIN_OADIS.75_0_5_w.cbf.gz.txt
BONMIN_OADIS,achtziger_stolpe06-62flowc, , , , , ,BONMIN_OADIS.achtziger_stolpe06-62flowc.cbf.gz.txt
BONMIN_OADIS,achtziger_stolpe06-65bflowc, , , , , ,BONMIN_OADIS.achtziger_stolpe06-65bflowc.cbf.gz.txt
BONMIN_OADIS,achtziger_stolpe06-65flowc, , , , , ,BONMIN_OADIS.achtziger_stolpe06-65flowc.cbf.gz.txt
BONMIN_OADIS,achtziger_stolpe07-51flowc, , , , , ,BONMIN_OADIS.achtziger_stolpe07-51flowc.cbf.gz.txt
BONMIN_OADIS,achtziger_stolpe07-52bflowc, , , , , ,BONMIN_OADIS.achtziger_stolpe07-52bflowc.cbf.gz.txt
BONMIN_OADIS,achtziger_stolpe07-53flowc, , , , , ,BONMIN_OADIS.achtziger_stolpe07-53flowc.cbf.gz.txt
BONMIN_OADIS,b1bigflowc, , , , , ,BONMIN_OADIS.b1bigflowc.cbf.gz.txt
BONMIN_OADIS,ck_n75_m10_o5_5, , , , , ,BONMIN_OADIS.ck_n75_m10_o5_5.cbf.gz.txt
BONMIN_OADIS,estein5_A, , , , , ,BONMIN_OADIS.estein5_A.cbf.gz.txt
BONMIN_OADIS,estein5_B, , , , , ,BONMIN_OADIS.estein5_B.cbf.gz.txt
BONMIN_OADIS,estein5_C, , , , , ,BONMIN_OADIS.estein5_C.cbf.gz.txt
BONMIN_OADIS,estein5_nr1, , , , , ,BONMIN_OADIS.estein5_nr1.cbf.gz.txt
BONMIN_OADIS,stolpe07-82flowc, , , , , ,BONMIN_OADIS.stolpe07-82flowc.cbf.gz.txt
BONMIN_OADIS,uflquad-nopsc-30-150, , , , , ,BONMIN_OADIS.uflquad-nopsc-30-150.cbf.gz.txt
BONMIN_OADIS,uflquad-nopsc-30-200, , , , , ,BONMIN_OADIS.uflquad-nopsc-30-200.cbf.gz.txt
BONMIN_OADIS,uflquad-nopsc-30-300, , , , , ,BONMIN_OADIS.uflquad-nopsc-30-300.cbf.gz.txt
BONMIN_OADIS,uflquad-psc-20-100, , , , , ,BONMIN_OADIS.uflquad-psc-20-100.cbf.gz.txt
BONMIN_OADIS,uflquad-psc-20-150, , , , , ,BONMIN_OADIS.uflquad-psc-20-150.cbf.gz.txt
BONMIN_OADIS,uflquad-psc-30-100, , , , , ,BONMIN_OADIS.uflquad-psc-30-100.cbf.gz.txt
BONMIN_OADIS,uflquad-psc-30-150, , , , , ,BONMIN_OADIS.uflquad-psc-30-150.cbf.gz.txt
BONMIN_OADIS,uflquad-psc-30-200, , , , , ,BONMIN_OADIS.uflquad-psc-30-200.cbf.gz.txt
BONMIN_OADIS,uflquad-psc-30-300, , , , , ,BONMIN_OADIS.uflquad-psc-30-300.cbf.gz.txt
PAJ_CBC_CIP,100_0_5_w, , , , , ,PAJ_CBC_CIP.100_0_5_w.cbf.gz.txt
PAJ_CBC_CIP,150_0_5_w, , , , , ,PAJ_CBC_CIP.150_0_5_w.cbf.gz.txt
PAJ_CBC_CIP,200_0_5_w, , , , , ,PAJ_CBC_CIP.200_0_5_w.cbf.gz.txt
PAJ_CBC_CIP,50_0_5_w, , , , , ,PAJ_CBC_CIP.50_0_5_w.cbf.gz.txt
PAJ_CBC_CIP,75_0_5_w, , , , , ,PAJ_CBC_CIP.75_0_5_w.cbf.gz.txt
PAJ_CBC_CIP,achtziger_stolpe06-65bflowc, , , , , ,PAJ_CBC_CIP.achtziger_stolpe06-65bflowc.cbf.gz.txt
PAJ_CBC_CIP,uflquad-nopsc-20-100, , , , , ,PAJ_CBC_CIP.uflquad-nopsc-20-100.cbf.gz.txt
PAJ_CBC_CIP,uflquad-nopsc-20-150, , , , , ,PAJ_CBC_CIP.uflquad-nopsc-20-150.cbf.gz.txt
PAJ_CBC_CIP,uflquad-nopsc-30-100, , , , , ,PAJ_CBC_CIP.uflquad-nopsc-30-100.cbf.gz.txt
PAJ_CBC_CIP,uflquad-nopsc-30-150, , , , , ,PAJ_CBC_CIP.uflquad-nopsc-30-150.cbf.gz.txt
PAJ_CBC_CIP,uflquad-nopsc-30-200, , , , , ,PAJ_CBC_CIP.uflquad-nopsc-30-200.cbf.gz.txt
PAJ_CBC_CIP,uflquad-nopsc-30-300, , , , , ,PAJ_CBC_CIP.uflquad-nopsc-30-300.cbf.gz.txt
PAJ_CBC_CIP,uflquad-psc-20-100, , , , , ,PAJ_CBC_CIP.uflquad-psc-20-100.cbf.gz.txt
PAJ_CBC_CIP,uflquad-psc-20-150, , , , , ,PAJ_CBC_CIP.uflquad-psc-20-150.cbf.gz.txt
PAJ_CBC_CIP,uflquad-psc-30-100, , , , , ,PAJ_CBC_CIP.uflquad-psc-30-100.cbf.gz.txt
PAJ_CBC_CIP,uflquad-psc-30-150, , , , , ,PAJ_CBC_CIP.uflquad-psc-30-150.cbf.gz.txt
PAJ_CBC_CIP,uflquad-psc-30-200, , , , , ,PAJ_CBC_CIP.uflquad-psc-30-200.cbf.gz.txt
PAJ_CBC_CIP,uflquad-psc-30-300, , , , , ,PAJ_CBC_CIP.uflquad-psc-30-300.cbf.gz.txt
PAJ_CBC_ECOS,uflquad-nopsc-30-150, , , , , ,PAJ_CBC_ECOS.uflquad-nopsc-30-150.cbf.gz.txt
PAJ_CBC_ECOS,uflquad-psc-30-300, , , , , ,PAJ_CBC_ECOS.uflquad-psc-30-300.cbf.gz.txt
PAJ_CBC_CIP,10_0_5_w,ConicFailure,Inf,#NAME?,552.829505,552.835521,PAJ_CBC_CIP.10_0_5_w.cbf.gz.txt
PAJ_CBC_CIP,20_0_5_w,ConicFailure,Inf,#NAME?,3002.025355,3002.035618,PAJ_CBC_CIP.20_0_5_w.cbf.gz.txt
PAJ_CBC_CIP,ck_n25_m10_o3_5,ConicFailure,#NAME?,Inf,14.75397682,14.75992417,PAJ_CBC_CIP.ck_n25_m10_o3_5.cbf.gz.txt
PAJ_CBC_CIP,ck_n25_m10_o5_5,ConicFailure,#NAME?,Inf,17.12529206,17.13243699,PAJ_CBC_CIP.ck_n25_m10_o5_5.cbf.gz.txt
PAJ_CBC_CIP,ck_n25_m20_o1_5,ConicFailure,#NAME?,Inf,50.31637907,50.32353401,PAJ_CBC_CIP.ck_n25_m20_o1_5.cbf.gz.txt
PAJ_CBC_CIP,ck_n25_m20_o3_5,ConicFailure,#NAME?,Inf,75.35742998,75.36638713,PAJ_CBC_CIP.ck_n25_m20_o3_5.cbf.gz.txt
PAJ_CBC_CIP,ck_n25_m20_o5_5,ConicFailure,#NAME?,Inf,69.94893813,69.95605302,PAJ_CBC_CIP.ck_n25_m20_o5_5.cbf.gz.txt
PAJ_CBC_CIP,ck_n50_m10_o5_5,ConicFailure,#NAME?,Inf,67.32871485,67.334903,PAJ_CBC_CIP.ck_n50_m10_o5_5.cbf.gz.txt
PAJ_CBC_CIP,ck_n50_m20_o3_5,ConicFailure,#NAME?,Inf,308.613766,308.6203601,PAJ_CBC_CIP.ck_n50_m20_o3_5.cbf.gz.txt
PAJ_CBC_CIP,ck_n50_m20_o5_5,ConicFailure,#NAME?,Inf,312.0168309,312.022922,PAJ_CBC_CIP.ck_n50_m20_o5_5.cbf.gz.txt
PAJ_CBC_CIP,ck_n75_m10_o5_5,ConicFailure,#NAME?,Inf,166.7166691,166.7228501,PAJ_CBC_CIP.ck_n75_m10_o5_5.cbf.gz.txt
PAJ_CBC_CIP,ck_n75_m20_o3_5,ConicFailure,#NAME?,Inf,774.859237,774.8640928,PAJ_CBC_CIP.ck_n75_m20_o3_5.cbf.gz.txt
PAJ_CBC_CIP,ck_n75_m20_o5_5,ConicFailure,#NAME?,Inf,781.965843,781.9706399,PAJ_CBC_CIP.ck_n75_m20_o5_5.cbf.gz.txt
PAJ_CBC_ECOS,pp-n100-d10000,ConicFailure,155839.4027,19855.44533,0.506378889,0.506901979,PAJ_CBC_ECOS.pp-n100-d10000.cbf.gz.txt
BONMIN_BB,100_0_5_w,Error,NaN,NaN,2206.878516,2219.889603,BONMIN_BB.100_0_5_w.cbf.gz.txt
BONMIN_BB,10_0_5_w,Error,NaN,NaN,1.395936966,11.11127806,BONMIN_BB.10_0_5_w.cbf.gz.txt
BONMIN_BB,20_0_5_w,Error,NaN,NaN,2.903465986,12.85741305,BONMIN_BB.20_0_5_w.cbf.gz.txt
BONMIN_BB,50_0_5_w,Error,NaN,NaN,58.51465201,69.08960986,BONMIN_BB.50_0_5_w.cbf.gz.txt
BONMIN_BB,sssd-weak-30-4,Error,NaN,NaN,2233.34101,2242.093634,BONMIN_BB.sssd-weak-30-4.cbf.gz.txt
BONMIN_BB,turbine07,Error,NaN,NaN,0.228573084,9.36144495,BONMIN_BB.turbine07.cbf.gz.txt
BONMIN_BB,turbine07GF,Error,NaN,NaN,0.218389034,9.409047127,BONMIN_BB.turbine07GF.cbf.gz.txt
BONMIN_BB,turbine07_aniso,Error,NaN,NaN,0.191571951,9.35613203,BONMIN_BB.turbine07_aniso.cbf.gz.txt
BONMIN_BB,turbine07_lowb,Error,NaN,NaN,3.566457987,12.78888297,BONMIN_BB.turbine07_lowb.cbf.gz.txt
BONMIN_BB,turbine07_lowb_aniso,Error,NaN,NaN,0.225155115,9.435250044,BONMIN_BB.turbine07_lowb_aniso.cbf.gz.txt
BONMIN_BB,turbine54,Error,NaN,NaN,0.274419069,9.532320023,BONMIN_BB.turbine54.cbf.gz.txt
BONMIN_BB,turbine54GF,Error,NaN,NaN,0.299129963,9.606436968,BONMIN_BB.turbine54GF.cbf.gz.txt
BONMIN_BB,uflquad-nopsc-10-150,Error,NaN,NaN,1413.943871,1423.235769,BONMIN_BB.uflquad-nopsc-10-150.cbf.gz.txt
BONMIN_OA,100_0_5_w,Error,NaN,NaN,2130.916927,2143.183023,BONMIN_OA.100_0_5_w.cbf.gz.txt
BONMIN_OA,10_0_5_w,Error,NaN,NaN,1.371616125,10.4780581,BONMIN_OA.10_0_5_w.cbf.gz.txt
BONMIN_OA,20_0_5_w,Error,NaN,NaN,2.799574137,12.17270589,BONMIN_OA.20_0_5_w.cbf.gz.txt
BONMIN_OA,50_0_5_w,Error,NaN,NaN,57.980268,68.29376006,BONMIN_OA.50_0_5_w.cbf.gz.txt
BONMIN_OA,achtziger_stolpe06-61flowc,Error,NaN,NaN,2.147308111,11.24161696,BONMIN_OA.achtziger_stolpe06-61flowc.cbf.gz.txt
BONMIN_OA,achtziger_stolpe07-52flowc,Error,NaN,NaN,1751.178823,1760.327001,BONMIN_OA.achtziger_stolpe07-52flowc.cbf.gz.txt
BONMIN_OA,estein4_B,Error,NaN,NaN,4.125682831,13.00859308,BONMIN_OA.estein4_B.cbf.gz.txt
BONMIN_OA,estein4_C,Error,NaN,NaN,5.40981698,18.40052605,BONMIN_OA.estein4_C.cbf.gz.txt
BONMIN_OA,stolpe07-81flowc,Error,NaN,NaN,9.123862982,18.07123899,BONMIN_OA.stolpe07-81flowc.cbf.gz.txt
BONMIN_OA,turbine07,Error,NaN,NaN,0.217504025,9.11331892,BONMIN_OA.turbine07.cbf.gz.txt
BONMIN_OA,turbine07GF,Error,NaN,NaN,0.198904991,9.120637178,BONMIN_OA.turbine07GF.cbf.gz.txt
BONMIN_OA,turbine07_aniso,Error,NaN,NaN,0.178677082,9.073951006,BONMIN_OA.turbine07_aniso.cbf.gz.txt
BONMIN_OA,turbine07_lowb,Error,NaN,NaN,3.546035051,12.47038889,BONMIN_OA.turbine07_lowb.cbf.gz.txt
BONMIN_OA,turbine07_lowb_aniso,Error,NaN,NaN,0.226454973,9.198881865,BONMIN_OA.turbine07_lowb_aniso.cbf.gz.txt
BONMIN_OA,turbine54,Error,NaN,NaN,0.264900923,9.259021044,BONMIN_OA.turbine54.cbf.gz.txt
BONMIN_OA,turbine54GF,Error,NaN,NaN,0.29322505,9.264843941,BONMIN_OA.turbine54GF.cbf.gz.txt
BONMIN_OA,uflquad-nopsc-10-100,Error,NaN,NaN,15.70063305,24.97962999,BONMIN_OA.uflquad-nopsc-10-100.cbf.gz.txt
BONMIN_OA,uflquad-nopsc-10-150,Error,NaN,NaN,33.95437694,43.57976103,BONMIN_OA.uflquad-nopsc-10-150.cbf.gz.txt
BONMIN_OA,uflquad-nopsc-20-100,Error,NaN,NaN,1138.975035,1148.391354,BONMIN_OA.uflquad-nopsc-20-100.cbf.gz.txt
BONMIN_OA,uflquad-nopsc-20-150,Error,NaN,NaN,922.3974562,932.1761959,BONMIN_OA.uflquad-nopsc-20-150.cbf.gz.txt
BONMIN_OA,uflquad-nopsc-30-100,Error,NaN,NaN,2259.000209,2268.737514,BONMIN_OA.uflquad-nopsc-30-100.cbf.gz.txt
BONMIN_OA,uflquad-psc-10-100,Error,NaN,NaN,1387.628102,1396.984474,BONMIN_OA.uflquad-psc-10-100.cbf.gz.txt
BONMIN_OADIS,100_0_5_w,Error,NaN,NaN,2133.512467,2145.87289,BONMIN_OADIS.100_0_5_w.cbf.gz.txt
BONMIN_OADIS,10_0_5_w,Error,NaN,NaN,1.374670029,10.56892896,BONMIN_OADIS.10_0_5_w.cbf.gz.txt
BONMIN_OADIS,20_0_5_w,Error,NaN,NaN,2.824923992,12.24990106,BONMIN_OADIS.20_0_5_w.cbf.gz.txt
BONMIN_OADIS,50_0_5_w,Error,NaN,NaN,57.61701512,67.99364996,BONMIN_OADIS.50_0_5_w.cbf.gz.txt
BONMIN_OADIS,achtziger_stolpe06-61flowc,Error,NaN,NaN,2.105888128,11.00286102,BONMIN_OADIS.achtziger_stolpe06-61flowc.cbf.gz.txt
BONMIN_OADIS,achtziger_stolpe07-52flowc,Error,NaN,NaN,1739.180422,1748.07253,BONMIN_OADIS.achtziger_stolpe07-52flowc.cbf.gz.txt
BONMIN_OADIS,estein4_B,Error,NaN,NaN,4.125837088,13.00046706,BONMIN_OADIS.estein4_B.cbf.gz.txt
BONMIN_OADIS,estein4_C,Error,NaN,NaN,5.463789225,14.33955002,BONMIN_OADIS.estein4_C.cbf.gz.txt
BONMIN_OADIS,stolpe07-81flowc,Error,NaN,NaN,9.03993392,17.97713113,BONMIN_OADIS.stolpe07-81flowc.cbf.gz.txt
BONMIN_OADIS,turbine07,Error,NaN,NaN,0.223814011,9.873841047,BONMIN_OADIS.turbine07.cbf.gz.txt
BONMIN_OADIS,turbine07GF,Error,NaN,NaN,0.217826128,9.641592026,BONMIN_OADIS.turbine07GF.cbf.gz.txt
BONMIN_OADIS,turbine07_aniso,Error,NaN,NaN,0.192286968,9.523510933,BONMIN_OADIS.turbine07_aniso.cbf.gz.txt
BONMIN_OADIS,turbine07_lowb,Error,NaN,NaN,0.242017984,9.808365107,BONMIN_OADIS.turbine07_lowb.cbf.gz.txt
BONMIN_OADIS,turbine07_lowb_aniso,Error,NaN,NaN,0.229831934,9.613910913,BONMIN_OADIS.turbine07_lowb_aniso.cbf.gz.txt
BONMIN_OADIS,turbine54,Error,NaN,NaN,0.257478952,9.908632994,BONMIN_OADIS.turbine54.cbf.gz.txt
BONMIN_OADIS,turbine54GF,Error,NaN,NaN,0.302098989,9.745157957,BONMIN_OADIS.turbine54GF.cbf.gz.txt
BONMIN_OADIS,uflquad-nopsc-10-100,Error,NaN,NaN,15.44802094,24.58481598,BONMIN_OADIS.uflquad-nopsc-10-100.cbf.gz.txt
BONMIN_OADIS,uflquad-nopsc-10-150,Error,NaN,NaN,33.95873308,43.26919603,BONMIN_OADIS.uflquad-nopsc-10-150.cbf.gz.txt
BONMIN_OADIS,uflquad-nopsc-20-100,Error,NaN,NaN,1138.14904,1147.611032,BONMIN_OADIS.uflquad-nopsc-20-100.cbf.gz.txt
BONMIN_OADIS,uflquad-nopsc-20-150,Error,NaN,NaN,920.274965,930.1382792,BONMIN_OADIS.uflquad-nopsc-20-150.cbf.gz.txt
BONMIN_OADIS,uflquad-nopsc-30-100,Error,NaN,NaN,2258.183638,2268.01743,BONMIN_OADIS.uflquad-nopsc-30-100.cbf.gz.txt
BONMIN_OADIS,uflquad-psc-10-100,Error,NaN,NaN,1385.925363,1395.334865,BONMIN_OADIS.uflquad-psc-10-100.cbf.gz.txt
BONMIN_BB,150_0_5_w,Infeasible,0,NaN,2887.943798,2902.34578,BONMIN_BB.150_0_5_w.cbf.gz.txt
BONMIN_BB,achtziger_stolpe06-61flowc,Infeasible,0,NaN,1.945149899,11.06440878,BONMIN_BB.achtziger_stolpe06-61flowc.cbf.gz.txt
BONMIN_BB,achtziger_stolpe06-62flowc,Infeasible,0,NaN,308.354759,317.2537029,BONMIN_BB.achtziger_stolpe06-62flowc.cbf.gz.txt
BONMIN_BB,achtziger_stolpe06-65bflowc,Infeasible,0,NaN,785.2742691,794.5486128,BONMIN_BB.achtziger_stolpe06-65bflowc.cbf.gz.txt
BONMIN_BB,achtziger_stolpe06-65flowc,Infeasible,0,NaN,133.952136,142.8575749,BONMIN_BB.achtziger_stolpe06-65flowc.cbf.gz.txt
BONMIN_BB,achtziger_stolpe07-51flowc,Infeasible,0,NaN,332.2100019,341.260947,BONMIN_BB.achtziger_stolpe07-51flowc.cbf.gz.txt
BONMIN_BB,achtziger_stolpe07-52bflowc,Infeasible,0,NaN,45.17598009,54.15229797,BONMIN_BB.achtziger_stolpe07-52bflowc.cbf.gz.txt
BONMIN_BB,achtziger_stolpe07-52flowc,Infeasible,0,NaN,4.843270063,13.70128703,BONMIN_BB.achtziger_stolpe07-52flowc.cbf.gz.txt
BONMIN_BB,achtziger_stolpe07-53flowc,Infeasible,0,NaN,44.87642002,53.78411698,BONMIN_BB.achtziger_stolpe07-53flowc.cbf.gz.txt
BONMIN_BB,b1bigflowc,Infeasible,0,NaN,114.5929818,123.644321,BONMIN_BB.b1bigflowc.cbf.gz.txt
BONMIN_BB,estein4_B,Infeasible,0,NaN,0.324044943,9.724400997,BONMIN_BB.estein4_B.cbf.gz.txt
BONMIN_BB,estein4_C,Infeasible,0,NaN,0.452334881,9.441251993,BONMIN_BB.estein4_C.cbf.gz.txt
BONMIN_BB,estein4_nr22,Infeasible,0,NaN,0.318484068,9.413545132,BONMIN_BB.estein4_nr22.cbf.gz.txt
BONMIN_BB,estein5_A,Infeasible,0,NaN,12.38397408,21.83703303,BONMIN_BB.estein5_A.cbf.gz.txt
BONMIN_BB,estein5_B,Infeasible,0,NaN,11.02696705,20.14919901,BONMIN_BB.estein5_B.cbf.gz.txt
BONMIN_BB,estein5_C,Infeasible,0,NaN,12.11866307,21.18416023,BONMIN_BB.estein5_C.cbf.gz.txt
BONMIN_BB,estein5_nr1,Infeasible,0,NaN,12.81760192,22.27329302,BONMIN_BB.estein5_nr1.cbf.gz.txt
BONMIN_BB,estein5_nr21,Infeasible,0,NaN,0.658742905,10.06544399,BONMIN_BB.estein5_nr21.cbf.gz.txt
BONMIN_BB,stolpe07-81flowc,Infeasible,0,NaN,13.43699694,22.27551317,BONMIN_BB.stolpe07-81flowc.cbf.gz.txt
BONMIN_BB,stolpe07-82flowc,Infeasible,0,NaN,93.24394798,102.1569378,BONMIN_BB.stolpe07-82flowc.cbf.gz.txt
BONMIN_BB,stolpe07-83flowc,Infeasible,0,NaN,3.866914034,12.67188621,BONMIN_BB.stolpe07-83flowc.cbf.gz.txt
BONMIN_BB,uflquad-psc-10-100,Infeasible,0,NaN,2761.808909,2770.863776,BONMIN_BB.uflquad-psc-10-100.cbf.gz.txt
BONMIN_BB,uflquad-psc-10-150,Infeasible,0,NaN,1970.503017,1979.908448,BONMIN_BB.uflquad-psc-10-150.cbf.gz.txt
BONMIN_OA,150_0_5_w,Infeasible,0,NaN,1500.003566,1513.678433,BONMIN_OA.150_0_5_w.cbf.gz.txt
BONMIN_OA,200_0_5_w,Infeasible,0,NaN,2501.023534,2516.645735,BONMIN_OA.200_0_5_w.cbf.gz.txt
BONMIN_OA,uflquad-psc-10-150,Infeasible,0,NaN,1344.265197,1353.783517,BONMIN_OA.uflquad-psc-10-150.cbf.gz.txt
BONMIN_OADIS,150_0_5_w,Infeasible,0,NaN,1499.305166,1513.03517,BONMIN_OADIS.150_0_5_w.cbf.gz.txt
BONMIN_OADIS,200_0_5_w,Infeasible,0,NaN,2503.097239,2518.79793,BONMIN_OADIS.200_0_5_w.cbf.gz.txt
BONMIN_OADIS,uflquad-psc-10-150,Infeasible,0,NaN,1362.086016,1371.66461,BONMIN_OADIS.uflquad-psc-10-150.cbf.gz.txt
BONMIN_BB,ck_n25_m10_o1_5,Optimal,7992,NaN,29.05736589,38.20136118,BONMIN_BB.ck_n25_m10_o1_5.cbf.gz.txt
BONMIN_BB,ck_n25_m10_o3_5,Optimal,8654,NaN,9.004436016,18.13549709,BONMIN_BB.ck_n25_m10_o3_5.cbf.gz.txt
BONMIN_BB,ck_n25_m10_o5_5,Optimal,8915,NaN,3.880642891,13.04531384,BONMIN_BB.ck_n25_m10_o5_5.cbf.gz.txt
BONMIN_BB,ck_n25_m20_o1_5,Optimal,7096,NaN,69.62566614,78.74597812,BONMIN_BB.ck_n25_m20_o1_5.cbf.gz.txt
BONMIN_BB,ck_n25_m20_o3_5,Optimal,7349,NaN,31.01135588,40.43268204,BONMIN_BB.ck_n25_m20_o3_5.cbf.gz.txt
BONMIN_BB,ck_n25_m20_o5_5,Optimal,7349,NaN,36.0285852,45.56379485,BONMIN_BB.ck_n25_m20_o5_5.cbf.gz.txt
BONMIN_BB,ck_n50_m10_o1_5,Optimal,19331,NaN,211.5295591,221.0304289,BONMIN_BB.ck_n50_m10_o1_5.cbf.gz.txt
BONMIN_BB,ck_n50_m10_o3_5,Optimal,18596,NaN,610.827579,620.242465,BONMIN_BB.ck_n50_m10_o3_5.cbf.gz.txt
BONMIN_BB,ck_n50_m10_o5_5,Optimal,18365,NaN,436.0511351,445.0890679,BONMIN_BB.ck_n50_m10_o5_5.cbf.gz.txt
BONMIN_BB,ck_n50_m20_o1_5,Optimal,14502,NaN,3381.014347,3390.147706,BONMIN_BB.ck_n50_m20_o1_5.cbf.gz.txt
BONMIN_BB,classical_50_1,Optimal,-0.094760243,NaN,1016.634742,1025.582077,BONMIN_BB.classical_50_1.cbf.gz.txt
BONMIN_BB,classical_50_2,Optimal,-0.090527986,NaN,47.67555189,56.42272997,BONMIN_BB.classical_50_2.cbf.gz.txt
BONMIN_BB,classical_50_3,Optimal,-0.088040884,NaN,627.1385779,635.9402599,BONMIN_BB.classical_50_3.cbf.gz.txt
BONMIN_BB,estein4_A,Optimal,0.801365445,NaN,36.94074297,46.3437748,BONMIN_BB.estein4_A.cbf.gz.txt
BONMIN_BB,pp-n10-d10,Optimal,72.48127649,NaN,0.413336992,9.833950996,BONMIN_BB.pp-n10-d10.cbf.gz.txt
BONMIN_BB,pp-n10-d10000,Optimal,1481.463509,NaN,0.540349007,9.998991013,BONMIN_BB.pp-n10-d10000.cbf.gz.txt
BONMIN_BB,pp-n100-d10000,Optimal,19855.65144,NaN,21.06675315,30.11957908,BONMIN_BB.pp-n100-d10000.cbf.gz.txt
BONMIN_BB,pp-n1000-d10000,Optimal,216114.5399,NaN,2.583641052,12.13100505,BONMIN_BB.pp-n1000-d10000.cbf.gz.txt
BONMIN_BB,robust_100_1,Optimal,-0.072089875,NaN,960.3485498,969.4548421,BONMIN_BB.robust_100_1.cbf.gz.txt
BONMIN_BB,robust_100_2,Optimal,-0.091573621,NaN,362.285162,371.2785029,BONMIN_BB.robust_100_2.cbf.gz.txt
BONMIN_BB,robust_100_3,Optimal,-0.116821085,NaN,173.471132,182.6408908,BONMIN_BB.robust_100_3.cbf.gz.txt
BONMIN_BB,robust_50_1,Optimal,-0.085694786,NaN,9.642946959,18.52402401,BONMIN_BB.robust_50_1.cbf.gz.txt
BONMIN_BB,robust_50_2,Optimal,-0.14365499,NaN,10.90548897,19.81251884,BONMIN_BB.robust_50_2.cbf.gz.txt
BONMIN_BB,robust_50_3,Optimal,-0.08980322,NaN,10.54326415,19.44869089,BONMIN_BB.robust_50_3.cbf.gz.txt
BONMIN_BB,shortfall_50_1,Optimal,-1.101822927,NaN,19.60901213,28.89383698,BONMIN_BB.shortfall_50_1.cbf.gz.txt
BONMIN_BB,shortfall_50_2,Optimal,-1.095219111,NaN,168.2155471,177.535949,BONMIN_BB.shortfall_50_2.cbf.gz.txt
BONMIN_BB,shortfall_50_3,Optimal,-1.092333791,NaN,1466.348433,1475.639886,BONMIN_BB.shortfall_50_3.cbf.gz.txt
BONMIN_BB,sssd-strong-15-4,Optimal,327997.8963,NaN,564.951412,573.9651749,BONMIN_BB.sssd-strong-15-4.cbf.gz.txt
BONMIN_BB,sssd-strong-20-4,Optimal,287810.4469,NaN,21.69570994,30.45999622,BONMIN_BB.sssd-strong-20-4.cbf.gz.txt
BONMIN_BB,sssd-strong-25-4,Optimal,311722.5687,NaN,240.5000482,249.210933,BONMIN_BB.sssd-strong-25-4.cbf.gz.txt
BONMIN_BB,sssd-strong-30-4,Optimal,264127.5876,NaN,929.580673,938.3220389,BONMIN_BB.sssd-strong-30-4.cbf.gz.txt
BONMIN_BB,sssd-weak-15-4,Optimal,327997.8924,NaN,1139.957065,1148.748796,BONMIN_BB.sssd-weak-15-4.cbf.gz.txt
BONMIN_BB,sssd-weak-20-4,Optimal,287918.2797,NaN,417.4136941,426.1937931,BONMIN_BB.sssd-weak-20-4.cbf.gz.txt
BONMIN_BB,sssd-weak-25-4,Optimal,311721.1073,NaN,457.5522161,466.325825,BONMIN_BB.sssd-weak-25-4.cbf.gz.txt
BONMIN_OA,ck_n25_m10_o1_5,Optimal,8143,NaN,1.842592955,10.64915895,BONMIN_OA.ck_n25_m10_o1_5.cbf.gz.txt
BONMIN_OA,ck_n25_m10_o3_5,Optimal,8654,NaN,2.844471931,11.67753696,BONMIN_OA.ck_n25_m10_o3_5.cbf.gz.txt
BONMIN_OA,ck_n25_m10_o5_5,Optimal,8915,NaN,1.158617973,10.04780102,BONMIN_OA.ck_n25_m10_o5_5.cbf.gz.txt
BONMIN_OA,ck_n25_m20_o1_5,Optimal,7279,NaN,1.79281497,10.63972998,BONMIN_OA.ck_n25_m20_o1_5.cbf.gz.txt
BONMIN_OA,ck_n25_m20_o3_5,Optimal,7349,NaN,3.434962988,12.35944986,BONMIN_OA.ck_n25_m20_o3_5.cbf.gz.txt
BONMIN_OA,ck_n25_m20_o5_5,Optimal,7349,NaN,5.796929836,14.65229297,BONMIN_OA.ck_n25_m20_o5_5.cbf.gz.txt
BONMIN_OA,ck_n50_m10_o1_5,Optimal,19331,NaN,58.88852406,67.74354506,BONMIN_OA.ck_n50_m10_o1_5.cbf.gz.txt
BONMIN_OA,ck_n50_m10_o3_5,Optimal,18596,NaN,228.7436249,237.667932,BONMIN_OA.ck_n50_m10_o3_5.cbf.gz.txt
BONMIN_OA,ck_n50_m10_o5_5,Optimal,18365,NaN,135.5326591,144.3601959,BONMIN_OA.ck_n50_m10_o5_5.cbf.gz.txt
BONMIN_OA,ck_n50_m20_o1_5,Optimal,14635,NaN,1672.347406,1681.290901,BONMIN_OA.ck_n50_m20_o1_5.cbf.gz.txt
BONMIN_OA,ck_n50_m20_o3_5,Optimal,13652,NaN,3483.066794,3491.943776,BONMIN_OA.ck_n50_m20_o3_5.cbf.gz.txt
BONMIN_OA,ck_n50_m20_o5_5,Optimal,13070,NaN,2445.062334,2453.928186,BONMIN_OA.ck_n50_m20_o5_5.cbf.gz.txt
BONMIN_OA,ck_n75_m10_o1_5,Optimal,30802,NaN,2942.29964,2951.119894,BONMIN_OA.ck_n75_m10_o1_5.cbf.gz.txt
BONMIN_OA,estein4_A,Optimal,0.801365477,NaN,2.319617033,11.1233089,BONMIN_OA.estein4_A.cbf.gz.txt
BONMIN_OA,estein4_nr22,Optimal,0.512648416,NaN,6.965158939,15.77184892,BONMIN_OA.estein4_nr22.cbf.gz.txt
BONMIN_OA,estein5_nr21,Optimal,1.818179241,NaN,47.80185413,56.6280961,BONMIN_OA.estein5_nr21.cbf.gz.txt
BONMIN_OA,pp-n10-d10,Optimal,72.48127649,NaN,0.526028156,15.65380192,BONMIN_OA.pp-n10-d10.cbf.gz.txt
BONMIN_OA,pp-n10-d10000,Optimal,1481.465519,NaN,0.405990124,9.200073004,BONMIN_OA.pp-n10-d10000.cbf.gz.txt
BONMIN_OA,pp-n100-d10000,Optimal,19855.60159,NaN,5.826725006,14.6375649,BONMIN_OA.pp-n100-d10000.cbf.gz.txt
BONMIN_OA,robust_50_1,Optimal,-0.085694789,NaN,154.678637,163.7052369,BONMIN_OA.robust_50_1.cbf.gz.txt
BONMIN_OA,robust_50_2,Optimal,-0.143654984,NaN,1313.27846,1322.264872,BONMIN_OA.robust_50_2.cbf.gz.txt
BONMIN_OA,robust_50_3,Optimal,-0.089803221,NaN,388.4423211,397.4593751,BONMIN_OA.robust_50_3.cbf.gz.txt
BONMIN_OADIS,ck_n25_m10_o1_5,Optimal,8143,NaN,1.838273048,10.72003698,BONMIN_OADIS.ck_n25_m10_o1_5.cbf.gz.txt
BONMIN_OADIS,ck_n25_m10_o3_5,Optimal,8654,NaN,2.848773003,11.69980192,BONMIN_OADIS.ck_n25_m10_o3_5.cbf.gz.txt
BONMIN_OADIS,ck_n25_m10_o5_5,Optimal,8915,NaN,1.158716917,10.04697895,BONMIN_OADIS.ck_n25_m10_o5_5.cbf.gz.txt
BONMIN_OADIS,ck_n25_m20_o1_5,Optimal,7279,NaN,1.776286125,10.71958899,BONMIN_OADIS.ck_n25_m20_o1_5.cbf.gz.txt
BONMIN_OADIS,ck_n25_m20_o3_5,Optimal,7349,NaN,3.421009064,12.34492588,BONMIN_OADIS.ck_n25_m20_o3_5.cbf.gz.txt
BONMIN_OADIS,ck_n25_m20_o5_5,Optimal,7349,NaN,5.768988848,14.66345382,BONMIN_OADIS.ck_n25_m20_o5_5.cbf.gz.txt
BONMIN_OADIS,ck_n50_m10_o1_5,Optimal,19331,NaN,59.04849792,67.95185804,BONMIN_OADIS.ck_n50_m10_o1_5.cbf.gz.txt
BONMIN_OADIS,ck_n50_m10_o3_5,Optimal,18596,NaN,228.648782,237.577343,BONMIN_OADIS.ck_n50_m10_o3_5.cbf.gz.txt
BONMIN_OADIS,ck_n50_m10_o5_5,Optimal,18365,NaN,135.203557,144.1452301,BONMIN_OADIS.ck_n50_m10_o5_5.cbf.gz.txt
BONMIN_OADIS,ck_n50_m20_o1_5,Optimal,14635,NaN,1673.532216,1682.426453,BONMIN_OADIS.ck_n50_m20_o1_5.cbf.gz.txt
BONMIN_OADIS,ck_n50_m20_o3_5,Optimal,13652,NaN,3483.947899,3492.927399,BONMIN_OADIS.ck_n50_m20_o3_5.cbf.gz.txt
BONMIN_OADIS,ck_n50_m20_o5_5,Optimal,13070,NaN,2441.738243,2450.620845,BONMIN_OADIS.ck_n50_m20_o5_5.cbf.gz.txt
BONMIN_OADIS,ck_n75_m10_o1_5,Optimal,30802,NaN,2944.109517,2953.025391,BONMIN_OADIS.ck_n75_m10_o1_5.cbf.gz.txt
BONMIN_OADIS,classical_50_1,Optimal,-0.094760356,NaN,1136.337361,1145.341036,BONMIN_OADIS.classical_50_1.cbf.gz.txt
BONMIN_OADIS,classical_50_2,Optimal,-0.090528102,NaN,943.2923281,952.3380098,BONMIN_OADIS.classical_50_2.cbf.gz.txt
BONMIN_OADIS,estein4_A,Optimal,0.801365477,NaN,2.337392092,11.22001886,BONMIN_OADIS.estein4_A.cbf.gz.txt
BONMIN_OADIS,estein4_nr22,Optimal,0.512648416,NaN,7.018303871,15.85956693,BONMIN_OADIS.estein4_nr22.cbf.gz.txt
BONMIN_OADIS,estein5_nr21,Optimal,1.818179241,NaN,52.96463609,61.84226298,BONMIN_OADIS.estein5_nr21.cbf.gz.txt
BONMIN_OADIS,pp-n10-d10,Optimal,72.48127649,NaN,0.420819998,9.263949871,BONMIN_OADIS.pp-n10-d10.cbf.gz.txt
BONMIN_OADIS,pp-n10-d10000,Optimal,1481.465519,NaN,0.41251111,9.292026043,BONMIN_OADIS.pp-n10-d10000.cbf.gz.txt
BONMIN_OADIS,pp-n100-d10000,Optimal,19855.60159,NaN,5.810354948,19.25542784,BONMIN_OADIS.pp-n100-d10000.cbf.gz.txt
BONMIN_OADIS,robust_100_2,Optimal,-0.091574297,NaN,1755.851217,1765.058297,BONMIN_OADIS.robust_100_2.cbf.gz.txt
BONMIN_OADIS,robust_100_3,Optimal,-0.116821749,NaN,225.728384,234.8451009,BONMIN_OADIS.robust_100_3.cbf.gz.txt
BONMIN_OADIS,robust_50_1,Optimal,-0.085695112,NaN,5.259861946,14.2471869,BONMIN_OADIS.robust_50_1.cbf.gz.txt
BONMIN_OADIS,robust_50_2,Optimal,-0.143655395,NaN,2.289337158,11.25639701,BONMIN_OADIS.robust_50_2.cbf.gz.txt
BONMIN_OADIS,robust_50_3,Optimal,-0.089803568,NaN,5.63270402,14.67175198,BONMIN_OADIS.robust_50_3.cbf.gz.txt
BONMIN_OADIS,shortfall_50_1,Optimal,-1.101822849,NaN,417.7670419,427.4200361,BONMIN_OADIS.shortfall_50_1.cbf.gz.txt
BONMIN_OADIS,shortfall_50_2,Optimal,-1.095219432,NaN,2796.385573,2806.005277,BONMIN_OADIS.shortfall_50_2.cbf.gz.txt
PAJ_CBC_CIP,achtziger_stolpe06-61flowc,Optimal,1.856346925,1.856340179,0.65187788,0.652225971,PAJ_CBC_CIP.achtziger_stolpe06-61flowc.cbf.gz.txt
PAJ_CBC_CIP,achtziger_stolpe06-65flowc,Optimal,6.725140772,6.725137808,230.1058121,230.107172,PAJ_CBC_CIP.achtziger_stolpe06-65flowc.cbf.gz.txt
PAJ_CBC_CIP,achtziger_stolpe07-52flowc,Optimal,49.69244053,49.69238658,154.6647689,154.665189,PAJ_CBC_CIP.achtziger_stolpe07-52flowc.cbf.gz.txt
PAJ_CBC_CIP,achtziger_stolpe07-53flowc,Optimal,7.716054746,7.716052131,10.64178395,10.64234304,PAJ_CBC_CIP.achtziger_stolpe07-53flowc.cbf.gz.txt
PAJ_CBC_CIP,b1bigflowc,Optimal,5.777374105,6.224858485,1414.376232,1414.385838,PAJ_CBC_CIP.b1bigflowc.cbf.gz.txt
PAJ_CBC_CIP,ck_n25_m10_o1_5,Optimal,8143,8143,13.56105113,13.56139708,PAJ_CBC_CIP.ck_n25_m10_o1_5.cbf.gz.txt
PAJ_CBC_CIP,ck_n50_m10_o1_5,Optimal,19331,19331,61.20472097,61.20508194,PAJ_CBC_CIP.ck_n50_m10_o1_5.cbf.gz.txt
PAJ_CBC_CIP,ck_n50_m10_o3_5,Optimal,18596,18596,86.82000589,86.82038498,PAJ_CBC_CIP.ck_n50_m10_o3_5.cbf.gz.txt
PAJ_CBC_CIP,ck_n50_m20_o1_5,Optimal,14635,14635,326.975384,326.975894,PAJ_CBC_CIP.ck_n50_m20_o1_5.cbf.gz.txt
PAJ_CBC_CIP,ck_n75_m10_o1_5,Optimal,30802,30802,286.8324242,286.8328159,PAJ_CBC_CIP.ck_n75_m10_o1_5.cbf.gz.txt
PAJ_CBC_CIP,ck_n75_m10_o3_5,Optimal,29489,29489,411.7762198,411.776767,PAJ_CBC_CIP.ck_n75_m10_o3_5.cbf.gz.txt
PAJ_CBC_CIP,ck_n75_m20_o1_5,Optimal,27332,27332,878.2690032,878.2695301,PAJ_CBC_CIP.ck_n75_m20_o1_5.cbf.gz.txt
PAJ_CBC_CIP,classical_50_1,Optimal,-0.094760227,-0.094760236,60.69602013,60.69626689,PAJ_CBC_CIP.classical_50_1.cbf.gz.txt
PAJ_CBC_CIP,classical_50_2,Optimal,-0.090527968,-0.090527982,54.50952721,54.51906204,PAJ_CBC_CIP.classical_50_2.cbf.gz.txt
PAJ_CBC_CIP,classical_50_3,Optimal,-0.088040825,-0.088040873,225.3224571,225.322681,PAJ_CBC_CIP.classical_50_3.cbf.gz.txt
PAJ_CBC_CIP,estein4_A,Optimal,0.801365731,0.801365453,1.198119164,1.198354006,PAJ_CBC_CIP.estein4_A.cbf.gz.txt
PAJ_CBC_CIP,estein4_B,Optimal,1.188086952,1.188085796,1.137205124,1.137433052,PAJ_CBC_CIP.estein4_B.cbf.gz.txt
PAJ_CBC_CIP,estein4_C,Optimal,1.072694228,1.072693467,1.088021994,1.088242054,PAJ_CBC_CIP.estein4_C.cbf.gz.txt
PAJ_CBC_CIP,estein4_nr22,Optimal,0.503286336,0.503286153,1.061093092,1.061341047,PAJ_CBC_CIP.estein4_nr22.cbf.gz.txt
PAJ_CBC_CIP,estein5_A,Optimal,1.045373437,1.045371839,20.40075898,20.40105104,PAJ_CBC_CIP.estein5_A.cbf.gz.txt
PAJ_CBC_CIP,estein5_B,Optimal,1.193160171,1.193159837,13.42307401,13.42337203,PAJ_CBC_CIP.estein5_B.cbf.gz.txt
PAJ_CBC_CIP,estein5_C,Optimal,1.499078487,1.499077919,13.58902884,13.58929491,PAJ_CBC_CIP.estein5_C.cbf.gz.txt
PAJ_CBC_CIP,estein5_nr1,Optimal,1.664400694,1.664399247,13.291677,13.29194212,PAJ_CBC_CIP.estein5_nr1.cbf.gz.txt
PAJ_CBC_CIP,estein5_nr21,Optimal,1.818179432,1.818179292,159.732502,159.732789,PAJ_CBC_CIP.estein5_nr21.cbf.gz.txt
PAJ_CBC_CIP,pp-n10-d10,Optimal,72.48130744,72.48127646,0.810028076,0.810271978,PAJ_CBC_CIP.pp-n10-d10.cbf.gz.txt
PAJ_CBC_CIP,pp-n10-d10000,Optimal,1481.465884,1481.461399,1.568056822,1.56836915,PAJ_CBC_CIP.pp-n10-d10000.cbf.gz.txt
PAJ_CBC_CIP,pp-n100-d10,Optimal,777.2874246,777.2866881,13.55831695,13.55891204,PAJ_CBC_CIP.pp-n100-d10.cbf.gz.txt
PAJ_CBC_CIP,pp-n100-d10000,Optimal,19855.66147,19855.49336,23.61768198,23.61828804,PAJ_CBC_CIP.pp-n100-d10000.cbf.gz.txt
PAJ_CBC_CIP,pp-n1000-d10,Optimal,7343.375703,7343.374917,2818.900844,2818.905218,PAJ_CBC_CIP.pp-n1000-d10.cbf.gz.txt
PAJ_CBC_CIP,robust_100_1,Optimal,-0.072089825,-0.072089864,873.6274431,873.6276922,PAJ_CBC_CIP.robust_100_1.cbf.gz.txt
PAJ_CBC_CIP,robust_100_2,Optimal,-0.091573524,-0.091573792,472.0355592,472.0358281,PAJ_CBC_CIP.robust_100_2.cbf.gz.txt
PAJ_CBC_CIP,robust_100_3,Optimal,-0.116821021,-0.116821038,222.0317729,222.031996,PAJ_CBC_CIP.robust_100_3.cbf.gz.txt
PAJ_CBC_CIP,robust_200_2,Optimal,-0.121668752,-0.121668821,1787.614646,1787.61491,PAJ_CBC_CIP.robust_200_2.cbf.gz.txt
PAJ_CBC_CIP,robust_50_1,Optimal,-0.085694747,-0.085694796,3.286007881,3.286240101,PAJ_CBC_CIP.robust_50_1.cbf.gz.txt
PAJ_CBC_CIP,robust_50_2,Optimal,-0.143654769,-0.143654978,8.630838156,8.631042004,PAJ_CBC_CIP.robust_50_2.cbf.gz.txt
PAJ_CBC_CIP,robust_50_3,Optimal,-0.089803086,-0.089803217,5.089071989,5.089297056,PAJ_CBC_CIP.robust_50_3.cbf.gz.txt
PAJ_CBC_CIP,shortfall_50_1,Optimal,-1.101822742,-1.101822756,43.39364195,43.39388394,PAJ_CBC_CIP.shortfall_50_1.cbf.gz.txt
PAJ_CBC_CIP,shortfall_50_2,Optimal,-1.095218915,-1.095219082,192.940521,192.9407761,PAJ_CBC_CIP.shortfall_50_2.cbf.gz.txt
PAJ_CBC_CIP,shortfall_50_3,Optimal,-1.092333628,-1.092333834,641.5251229,641.525425,PAJ_CBC_CIP.shortfall_50_3.cbf.gz.txt
PAJ_CBC_CIP,sssd-strong-15-4,Optimal,327997.7625,327997.9115,35.06282806,35.06306815,PAJ_CBC_CIP.sssd-strong-15-4.cbf.gz.txt
PAJ_CBC_CIP,sssd-strong-20-4,Optimal,287810.4454,287810.4663,10.57516694,10.57541704,PAJ_CBC_CIP.sssd-strong-20-4.cbf.gz.txt
PAJ_CBC_CIP,sssd-strong-20-8,Optimal,600349.7295,600350.2904,903.0332558,903.0335579,PAJ_CBC_CIP.sssd-strong-20-8.cbf.gz.txt
PAJ_CBC_CIP,sssd-strong-25-4,Optimal,311721.0722,311721.1324,18.0238781,18.024122,PAJ_CBC_CIP.sssd-strong-25-4.cbf.gz.txt
PAJ_CBC_CIP,sssd-strong-30-4,Optimal,264127.5066,264125.2182,20.43632603,20.4365809,PAJ_CBC_CIP.sssd-strong-30-4.cbf.gz.txt
PAJ_CBC_CIP,sssd-strong-30-8,Optimal,528765.5915,528766.2748,3054.602799,3054.603116,PAJ_CBC_CIP.sssd-strong-30-8.cbf.gz.txt
PAJ_CBC_CIP,sssd-weak-15-4,Optimal,327997.8227,327997.9164,34.85190201,34.85217714,PAJ_CBC_CIP.sssd-weak-15-4.cbf.gz.txt
PAJ_CBC_CIP,sssd-weak-15-8,Optimal,622512.5658,622508.1931,2569.685031,2569.685341,PAJ_CBC_CIP.sssd-weak-15-8.cbf.gz.txt
PAJ_CBC_CIP,sssd-weak-20-4,Optimal,287810.3741,287810.4564,32.43471789,32.43501306,PAJ_CBC_CIP.sssd-weak-20-4.cbf.gz.txt
PAJ_CBC_CIP,sssd-weak-25-4,Optimal,311720.8432,311720.0592,40.21937084,40.21963406,PAJ_CBC_CIP.sssd-weak-25-4.cbf.gz.txt
PAJ_CBC_CIP,sssd-weak-30-4,Optimal,264127.337,264127.598,103.5707281,103.5710101,PAJ_CBC_CIP.sssd-weak-30-4.cbf.gz.txt
PAJ_CBC_CIP,stolpe07-81flowc,Optimal,6.949610136,6.949599002,222.9096482,222.910306,PAJ_CBC_CIP.stolpe07-81flowc.cbf.gz.txt
PAJ_CBC_CIP,stolpe07-82flowc,Optimal,15.819185,15.81917924,3279.945783,3279.946849,PAJ_CBC_CIP.stolpe07-82flowc.cbf.gz.txt
PAJ_CBC_CIP,turbine07,Optimal,2,2,0.205235004,0.205495119,PAJ_CBC_CIP.turbine07.cbf.gz.txt
PAJ_CBC_CIP,turbine07GF,Optimal,3,3,0.238398075,0.238673925,PAJ_CBC_CIP.turbine07GF.cbf.gz.txt
PAJ_CBC_CIP,turbine07_aniso,Optimal,3,3,0.267946959,0.268254042,PAJ_CBC_CIP.turbine07_aniso.cbf.gz.txt
PAJ_CBC_CIP,turbine07_lowb,Optimal,0.899311938,0.899311393,2.231290817,2.231590033,PAJ_CBC_CIP.turbine07_lowb.cbf.gz.txt
PAJ_CBC_CIP,turbine07_lowb_aniso,Optimal,1.394536952,1.394536735,3.04401207,3.044288874,PAJ_CBC_CIP.turbine07_lowb_aniso.cbf.gz.txt
PAJ_CBC_CIP,turbine54,Optimal,3,3,1.427540064,1.428115845,PAJ_CBC_CIP.turbine54.cbf.gz.txt
PAJ_CBC_CIP,turbine54GF,Optimal,4,4,1.087568998,1.088154078,PAJ_CBC_CIP.turbine54GF.cbf.gz.txt
PAJ_CBC_CIP,uflquad-nopsc-10-150,Optimal,709.6482455,709.6475058,3762.395595,3762.401237,PAJ_CBC_CIP.uflquad-nopsc-10-150.cbf.gz.txt
PAJ_CBC_CIP,uflquad-psc-10-100,Optimal,540.2896267,540.2875111,801.7643969,801.7768381,PAJ_CBC_CIP.uflquad-psc-10-100.cbf.gz.txt
PAJ_CBC_CIP,uflquad-psc-10-150,Optimal,709.6540069,709.6473978,2171.546657,2171.552579,PAJ_CBC_CIP.uflquad-psc-10-150.cbf.gz.txt
PAJ_CBC_ECOS,10_0_5_w,Optimal,1.96E+06,1.96E+06,42.3046279,42.30570507,PAJ_CBC_ECOS.10_0_5_w.cbf.gz.txt
PAJ_CBC_ECOS,20_0_5_w,Optimal,3.78E+06,3.78E+06,589.0577469,589.060205,PAJ_CBC_ECOS.20_0_5_w.cbf.gz.txt
PAJ_CBC_ECOS,achtziger_stolpe06-61flowc,Optimal,2.795084971,2.795084971,1.314691067,1.314954996,PAJ_CBC_ECOS.achtziger_stolpe06-61flowc.cbf.gz.txt
PAJ_CBC_ECOS,achtziger_stolpe06-65flowc,Optimal,5.998253322,6.239933006,220.100436,220.1016262,PAJ_CBC_ECOS.achtziger_stolpe06-65flowc.cbf.gz.txt
PAJ_CBC_ECOS,achtziger_stolpe07-52flowc,Optimal,49.69238809,49.69238387,163.431397,163.4318101,PAJ_CBC_ECOS.achtziger_stolpe07-52flowc.cbf.gz.txt
PAJ_CBC_ECOS,achtziger_stolpe07-53flowc,Optimal,7.716052158,7.716052158,7.068861008,7.069338083,PAJ_CBC_ECOS.achtziger_stolpe07-53flowc.cbf.gz.txt
PAJ_CBC_ECOS,b1bigflowc,Optimal,6.548407821,6.548407641,7.687430859,7.688910007,PAJ_CBC_ECOS.b1bigflowc.cbf.gz.txt
PAJ_CBC_ECOS,ck_n25_m10_o1_5,Optimal,8143,8143,0.782492876,0.782783985,PAJ_CBC_ECOS.ck_n25_m10_o1_5.cbf.gz.txt
PAJ_CBC_ECOS,ck_n25_m10_o3_5,Optimal,8654,8654,0.351115942,0.351407051,PAJ_CBC_ECOS.ck_n25_m10_o3_5.cbf.gz.txt
PAJ_CBC_ECOS,ck_n25_m10_o5_5,Optimal,8915,8915,0.123494148,0.123788118,PAJ_CBC_ECOS.ck_n25_m10_o5_5.cbf.gz.txt
PAJ_CBC_ECOS,ck_n25_m20_o1_5,Optimal,7279,7279,0.603696108,0.604174137,PAJ_CBC_ECOS.ck_n25_m20_o1_5.cbf.gz.txt
PAJ_CBC_ECOS,ck_n25_m20_o3_5,Optimal,7349,7349,0.237523794,0.237918139,PAJ_CBC_ECOS.ck_n25_m20_o3_5.cbf.gz.txt
PAJ_CBC_ECOS,ck_n25_m20_o5_5,Optimal,7349,7349,1.25481391,1.255231142,PAJ_CBC_ECOS.ck_n25_m20_o5_5.cbf.gz.txt
PAJ_CBC_ECOS,ck_n50_m10_o1_5,Optimal,19331,19331,0.749044895,0.749413967,PAJ_CBC_ECOS.ck_n50_m10_o1_5.cbf.gz.txt
PAJ_CBC_ECOS,ck_n50_m10_o3_5,Optimal,18596,18596,5.071917057,5.072232962,PAJ_CBC_ECOS.ck_n50_m10_o3_5.cbf.gz.txt
PAJ_CBC_ECOS,ck_n50_m10_o5_5,Optimal,18365,18365,3.877136946,3.87748909,PAJ_CBC_ECOS.ck_n50_m10_o5_5.cbf.gz.txt
PAJ_CBC_ECOS,ck_n50_m20_o1_5,Optimal,14635,14635,2.205857038,2.206266165,PAJ_CBC_ECOS.ck_n50_m20_o1_5.cbf.gz.txt
PAJ_CBC_ECOS,ck_n50_m20_o3_5,Optimal,13652,13652,3.610877037,3.611287117,PAJ_CBC_ECOS.ck_n50_m20_o3_5.cbf.gz.txt
PAJ_CBC_ECOS,ck_n50_m20_o5_5,Optimal,13070,13070,3.830385208,3.830817938,PAJ_CBC_ECOS.ck_n50_m20_o5_5.cbf.gz.txt
PAJ_CBC_ECOS,ck_n75_m10_o1_5,Optimal,30802,30802,53.82816815,53.82851982,PAJ_CBC_ECOS.ck_n75_m10_o1_5.cbf.gz.txt
PAJ_CBC_ECOS,ck_n75_m10_o3_5,Optimal,29489,29489,144.836278,144.836658,PAJ_CBC_ECOS.ck_n75_m10_o3_5.cbf.gz.txt
PAJ_CBC_ECOS,ck_n75_m10_o5_5,Optimal,29070,29070,99.07197595,99.07236385,PAJ_CBC_ECOS.ck_n75_m10_o5_5.cbf.gz.txt
PAJ_CBC_ECOS,ck_n75_m20_o1_5,Optimal,27332,27332,32.15421796,32.15468311,PAJ_CBC_ECOS.ck_n75_m20_o1_5.cbf.gz.txt
PAJ_CBC_ECOS,ck_n75_m20_o3_5,Optimal,25584,25584,1107.5186,1107.519071,PAJ_CBC_ECOS.ck_n75_m20_o3_5.cbf.gz.txt
PAJ_CBC_ECOS,ck_n75_m20_o5_5,Optimal,24838,24838,629.790329,629.7908809,PAJ_CBC_ECOS.ck_n75_m20_o5_5.cbf.gz.txt
PAJ_CBC_ECOS,classical_50_1,Optimal,-0.094760231,-0.094760235,61.74879193,61.74900985,PAJ_CBC_ECOS.classical_50_1.cbf.gz.txt
PAJ_CBC_ECOS,classical_50_2,Optimal,-0.090527975,-0.090527975,51.75026608,51.75048614,PAJ_CBC_ECOS.classical_50_2.cbf.gz.txt
PAJ_CBC_ECOS,classical_50_3,Optimal,-0.088040871,-0.088040871,255.7912521,255.7914779,PAJ_CBC_ECOS.classical_50_3.cbf.gz.txt
PAJ_CBC_ECOS,estein4_A,Optimal,0.801365495,0.801365495,0.91726613,0.917518854,PAJ_CBC_ECOS.estein4_A.cbf.gz.txt
PAJ_CBC_ECOS,estein4_B,Optimal,1.188086037,1.188086038,0.935801983,0.936025143,PAJ_CBC_ECOS.estein4_B.cbf.gz.txt
PAJ_CBC_ECOS,estein4_C,Optimal,1.072693688,1.072693688,0.844689846,0.844899893,PAJ_CBC_ECOS.estein4_C.cbf.gz.txt
PAJ_CBC_ECOS,estein4_nr22,Optimal,0.503286176,0.503286176,0.809263945,0.809494019,PAJ_CBC_ECOS.estein4_nr22.cbf.gz.txt
PAJ_CBC_ECOS,estein5_A,Optimal,1.045372494,1.045372494,15.45082021,15.45112109,PAJ_CBC_ECOS.estein5_A.cbf.gz.txt
PAJ_CBC_ECOS,estein5_B,Optimal,1.193159902,1.193159903,5.153416157,5.153692961,PAJ_CBC_ECOS.estein5_B.cbf.gz.txt
PAJ_CBC_ECOS,estein5_C,Optimal,1.499077935,1.499077935,10.19876504,10.19902301,PAJ_CBC_ECOS.estein5_C.cbf.gz.txt
PAJ_CBC_ECOS,estein5_nr1,Optimal,1.664399321,1.664399322,4.19550705,4.195749044,PAJ_CBC_ECOS.estein5_nr1.cbf.gz.txt
PAJ_CBC_ECOS,estein5_nr21,Optimal,1.818179306,1.818179264,114.0547361,114.0550179,PAJ_CBC_ECOS.estein5_nr21.cbf.gz.txt
PAJ_CBC_ECOS,pp-n10-d10,Optimal,72.48127652,72.48122148,0.235124111,0.235338926,PAJ_CBC_ECOS.pp-n10-d10.cbf.gz.txt
PAJ_CBC_ECOS,pp-n10-d10000,Optimal,1481.466062,1481.461356,0.251839161,0.252047062,PAJ_CBC_ECOS.pp-n10-d10000.cbf.gz.txt
PAJ_CBC_ECOS,pp-n100-d10,Optimal,777.2873903,777.2873904,57.77277303,57.77329612,PAJ_CBC_ECOS.pp-n100-d10.cbf.gz.txt
PAJ_CBC_ECOS,robust_100_1,Optimal,-0.072089841,-0.072089845,897.9161448,897.9164038,PAJ_CBC_ECOS.robust_100_1.cbf.gz.txt
PAJ_CBC_ECOS,robust_100_2,Optimal,-0.091573577,-0.091573717,404.3541789,404.35446,PAJ_CBC_ECOS.robust_100_2.cbf.gz.txt
PAJ_CBC_ECOS,robust_100_3,Optimal,-0.116821035,-0.116821071,207.6066241,207.6068909,PAJ_CBC_ECOS.robust_100_3.cbf.gz.txt
PAJ_CBC_ECOS,robust_200_2,Optimal,-0.121668765,-0.121668835,1497.49504,1497.495345,PAJ_CBC_ECOS.robust_200_2.cbf.gz.txt
PAJ_CBC_ECOS,robust_50_1,Optimal,-0.085694765,-0.085694788,3.605262995,3.605505943,PAJ_CBC_ECOS.robust_50_1.cbf.gz.txt
PAJ_CBC_ECOS,robust_50_2,Optimal,-0.143654954,-0.143654959,5.803824186,5.804054022,PAJ_CBC_ECOS.robust_50_2.cbf.gz.txt
PAJ_CBC_ECOS,robust_50_3,Optimal,-0.089803194,-0.089803197,7.341306925,7.341538191,PAJ_CBC_ECOS.robust_50_3.cbf.gz.txt
PAJ_CBC_ECOS,shortfall_50_1,Optimal,-1.101822755,-1.101822755,53.98063803,53.98084712,PAJ_CBC_ECOS.shortfall_50_1.cbf.gz.txt
PAJ_CBC_ECOS,shortfall_50_2,Optimal,-1.095219077,-1.095219078,185.557086,185.557318,PAJ_CBC_ECOS.shortfall_50_2.cbf.gz.txt
PAJ_CBC_ECOS,shortfall_50_3,Optimal,-1.092333734,-1.092333734,481.463341,481.4635711,PAJ_CBC_ECOS.shortfall_50_3.cbf.gz.txt
PAJ_CBC_ECOS,sssd-strong-15-4,Optimal,327997.9202,327997.9203,29.181705,29.18198013,PAJ_CBC_ECOS.sssd-strong-15-4.cbf.gz.txt
PAJ_CBC_ECOS,sssd-strong-20-4,Optimal,287810.4678,287810.4678,8.014747143,8.015004158,PAJ_CBC_ECOS.sssd-strong-20-4.cbf.gz.txt
PAJ_CBC_ECOS,sssd-strong-20-8,Optimal,600350.3055,600350.3055,1379.975477,1379.975801,PAJ_CBC_ECOS.sssd-strong-20-8.cbf.gz.txt
PAJ_CBC_ECOS,sssd-strong-25-4,Optimal,311721.1332,311719.8761,12.67009592,12.67033911,PAJ_CBC_ECOS.sssd-strong-25-4.cbf.gz.txt
PAJ_CBC_ECOS,sssd-strong-25-8,Optimal,500753.3,500753.3,2494.570871,2494.571222,PAJ_CBC_ECOS.sssd-strong-25-8.cbf.gz.txt
PAJ_CBC_ECOS,sssd-strong-30-4,Optimal,264127.6065,264127.6065,78.12533808,78.12558913,PAJ_CBC_ECOS.sssd-strong-30-4.cbf.gz.txt
PAJ_CBC_ECOS,sssd-strong-30-8,Optimal,528766.2799,528766.2798,2966.089021,2966.089311,PAJ_CBC_ECOS.sssd-strong-30-8.cbf.gz.txt
PAJ_CBC_ECOS,sssd-weak-15-4,Optimal,327997.9203,327997.92,31.17961597,31.17986298,PAJ_CBC_ECOS.sssd-weak-15-4.cbf.gz.txt
PAJ_CBC_ECOS,sssd-weak-20-4,Optimal,287810.4678,287810.4678,15.33816791,15.33842993,PAJ_CBC_ECOS.sssd-weak-20-4.cbf.gz.txt
PAJ_CBC_ECOS,sssd-weak-25-4,Optimal,311721.1332,311720.1334,19.93178797,19.93212104,PAJ_CBC_ECOS.sssd-weak-25-4.cbf.gz.txt
PAJ_CBC_ECOS,sssd-weak-30-4,Optimal,264127.6065,264125.5665,66.06633496,66.06660891,PAJ_CBC_ECOS.sssd-weak-30-4.cbf.gz.txt
PAJ_CBC_ECOS,stolpe07-81flowc,Optimal,6.949599048,6.949599044,154.2422898,154.242862,PAJ_CBC_ECOS.stolpe07-81flowc.cbf.gz.txt
PAJ_CBC_ECOS,stolpe07-82flowc,Optimal,15.96249292,16.55839908,27.40884304,27.4096911,PAJ_CBC_ECOS.stolpe07-82flowc.cbf.gz.txt
PAJ_CBC_ECOS,turbine07,Optimal,2,2,0.094469786,0.094702005,PAJ_CBC_ECOS.turbine07.cbf.gz.txt
PAJ_CBC_ECOS,turbine07GF,Optimal,3,3,0.066786051,0.06705904,PAJ_CBC_ECOS.turbine07GF.cbf.gz.txt
PAJ_CBC_ECOS,turbine07_aniso,Optimal,3,3,0.099028111,0.099287987,PAJ_CBC_ECOS.turbine07_aniso.cbf.gz.txt
PAJ_CBC_ECOS,turbine07_lowb,Optimal,0.899310319,0.899310589,3.049942017,3.050195932,PAJ_CBC_ECOS.turbine07_lowb.cbf.gz.txt
PAJ_CBC_ECOS,turbine07_lowb_aniso,Optimal,1.394536743,1.394536737,2.248492956,2.248743773,PAJ_CBC_ECOS.turbine07_lowb_aniso.cbf.gz.txt
PAJ_CBC_ECOS,turbine54,Optimal,3,3,0.329725981,0.330270052,PAJ_CBC_ECOS.turbine54.cbf.gz.txt
PAJ_CBC_ECOS,turbine54GF,Optimal,4,4,0.089851141,0.090391874,PAJ_CBC_ECOS.turbine54GF.cbf.gz.txt
PAJ_CBC_ECOS,uflquad-nopsc-10-100,Optimal,540.2875188,540.2875151,97.90765691,97.91108394,PAJ_CBC_ECOS.uflquad-nopsc-10-100.cbf.gz.txt
PAJ_CBC_ECOS,uflquad-nopsc-10-150,Optimal,709.6475716,709.6475625,256.8774941,256.8923159,PAJ_CBC_ECOS.uflquad-nopsc-10-150.cbf.gz.txt
PAJ_CBC_ECOS,uflquad-nopsc-20-100,Optimal,399.537108,399.5368152,997.706145,997.7131369,PAJ_CBC_ECOS.uflquad-nopsc-20-100.cbf.gz.txt
PAJ_CBC_ECOS,uflquad-nopsc-20-150,Optimal,568.7167232,568.7145577,2615.13218,2615.16227,PAJ_CBC_ECOS.uflquad-nopsc-20-150.cbf.gz.txt
PAJ_CBC_ECOS,uflquad-nopsc-30-100,Optimal,355.2403404,355.239719,2630.424205,2630.442121,PAJ_CBC_ECOS.uflquad-nopsc-30-100.cbf.gz.txt
PAJ_CBC_ECOS,uflquad-psc-10-100,Optimal,540.2875169,540.2875169,19.86600304,19.87026811,PAJ_CBC_ECOS.uflquad-psc-10-100.cbf.gz.txt
PAJ_CBC_ECOS,uflquad-psc-10-150,Optimal,709.6475722,709.6475544,29.67281985,29.68553019,PAJ_CBC_ECOS.uflquad-psc-10-150.cbf.gz.txt
PAJ_CBC_ECOS,uflquad-psc-20-100,Optimal,399.5371079,399.5370615,105.6611891,105.6679761,PAJ_CBC_ECOS.uflquad-psc-20-100.cbf.gz.txt
PAJ_CBC_ECOS,uflquad-psc-20-150,Optimal,568.7167233,568.7166912,271.7770009,271.794064,PAJ_CBC_ECOS.uflquad-psc-20-150.cbf.gz.txt
PAJ_CBC_ECOS,uflquad-psc-30-100,Optimal,355.2403411,355.2402735,542.4291899,542.4471111,PAJ_CBC_ECOS.uflquad-psc-30-100.cbf.gz.txt
PAJ_CBC_ECOS,uflquad-psc-30-150,Optimal,468.1561265,468.1561271,49.18709898,49.20885301,PAJ_CBC_ECOS.uflquad-psc-30-150.cbf.gz.txt
PAJ_CBC_ECOS,uflquad-psc-30-200,Optimal,554.9146942,554.9146133,594.9967868,595.0244679,PAJ_CBC_ECOS.uflquad-psc-30-200.cbf.gz.txt
PAJ_CBC_CIP,uflquad-nopsc-10-100,Suboptimal,540.2929981,540.2873589,1395.979827,1395.983407,PAJ_CBC_CIP.uflquad-nopsc-10-100.cbf.gz.txt
PAJ_CBC_ECOS,uflquad-nopsc-30-200,Suboptimal,562.9620093,520.980776,3518.120512,3518.146141,PAJ_CBC_ECOS.uflquad-nopsc-30-200.cbf.gz.txt
PAJ_CBC_ECOS,uflquad-nopsc-30-300,Suboptimal,794.2415721,565.9648094,3489.193582,3489.254552,PAJ_CBC_ECOS.uflquad-nopsc-30-300.cbf.gz.txt
BONMIN_BB,ck_n50_m20_o3_5,UserLimit,13652,NaN,3610.311625,3619.717507,BONMIN_BB.ck_n50_m20_o3_5.cbf.gz.txt
BONMIN_BB,ck_n50_m20_o5_5,UserLimit,13009,NaN,3607.613667,3616.929681,BONMIN_BB.ck_n50_m20_o5_5.cbf.gz.txt
BONMIN_BB,ck_n75_m10_o1_5,UserLimit,30742,NaN,3609.580388,3618.885012,BONMIN_BB.ck_n75_m10_o1_5.cbf.gz.txt
BONMIN_BB,ck_n75_m10_o3_5,UserLimit,29034,NaN,3610.207022,3619.186962,BONMIN_BB.ck_n75_m10_o3_5.cbf.gz.txt
BONMIN_BB,ck_n75_m10_o5_5,UserLimit,28754,NaN,3611.181017,3620.461628,BONMIN_BB.ck_n75_m10_o5_5.cbf.gz.txt
BONMIN_BB,ck_n75_m20_o1_5,UserLimit,25677,NaN,3605.822514,3615.194413,BONMIN_BB.ck_n75_m20_o1_5.cbf.gz.txt
BONMIN_BB,classical_200_1,UserLimit,-0.114578705,NaN,3674.515167,3683.938623,BONMIN_BB.classical_200_1.cbf.gz.txt
BONMIN_BB,classical_200_2,UserLimit,-0.10708423,NaN,3662.02259,3671.164334,BONMIN_BB.classical_200_2.cbf.gz.txt
BONMIN_BB,classical_200_3,UserLimit,-0.101676761,NaN,3656.841942,3665.989376,BONMIN_BB.classical_200_3.cbf.gz.txt
BONMIN_BB,pp-n100-d10,UserLimit,777.2897335,NaN,3695.316443,3704.730277,BONMIN_BB.pp-n100-d10.cbf.gz.txt
BONMIN_BB,pp-n1000-d10,UserLimit,7343.395951,NaN,3611.693755,3621.2628,BONMIN_BB.pp-n1000-d10.cbf.gz.txt
BONMIN_BB,robust_200_1,UserLimit,-0.140677775,NaN,3658.329853,3667.987032,BONMIN_BB.robust_200_1.cbf.gz.txt
BONMIN_BB,robust_200_2,UserLimit,-0.121668845,NaN,3665.961112,3675.830156,BONMIN_BB.robust_200_2.cbf.gz.txt
BONMIN_BB,robust_200_3,UserLimit,-0.126652553,NaN,3668.676822,3678.531503,BONMIN_BB.robust_200_3.cbf.gz.txt
BONMIN_BB,shortfall_100_1,UserLimit,-1.105776465,NaN,3731.501412,3740.892436,BONMIN_BB.shortfall_100_1.cbf.gz.txt
BONMIN_BB,shortfall_100_2,UserLimit,-1.100361521,NaN,3738.859914,3748.225343,BONMIN_BB.shortfall_100_2.cbf.gz.txt
BONMIN_BB,shortfall_100_3,UserLimit,-1.101941918,NaN,3730.940096,3740.070456,BONMIN_BB.shortfall_100_3.cbf.gz.txt
BONMIN_BB,shortfall_200_1,UserLimit,-1.133918656,NaN,3678.918412,3689.131715,BONMIN_BB.shortfall_200_1.cbf.gz.txt
BONMIN_BB,shortfall_200_2,UserLimit,-1.111730093,NaN,3681.228711,3691.399095,BONMIN_BB.shortfall_200_2.cbf.gz.txt
BONMIN_BB,shortfall_200_3,UserLimit,-1.111585208,NaN,3676.841843,3686.870198,BONMIN_BB.shortfall_200_3.cbf.gz.txt
BONMIN_BB,sssd-strong-15-8,UserLimit,623431.8402,NaN,3700.959332,3709.783171,BONMIN_BB.sssd-strong-15-8.cbf.gz.txt
BONMIN_BB,sssd-strong-20-8,UserLimit,600567.0754,NaN,3691.411357,3700.184614,BONMIN_BB.sssd-strong-20-8.cbf.gz.txt
BONMIN_BB,sssd-strong-25-8,UserLimit,500909.866,NaN,3688.119636,3697.033401,BONMIN_BB.sssd-strong-25-8.cbf.gz.txt
BONMIN_BB,sssd-strong-30-8,UserLimit,529037.3326,NaN,3682.730047,3691.759988,BONMIN_BB.sssd-strong-30-8.cbf.gz.txt
BONMIN_BB,sssd-weak-15-8,UserLimit,625948.5707,NaN,3681.901903,3690.692571,BONMIN_BB.sssd-weak-15-8.cbf.gz.txt
BONMIN_BB,sssd-weak-20-8,UserLimit,600350.2789,NaN,3672.189841,3680.960208,BONMIN_BB.sssd-weak-20-8.cbf.gz.txt
BONMIN_BB,sssd-weak-25-8,UserLimit,501965.0949,NaN,3668.70769,3677.451807,BONMIN_BB.sssd-weak-25-8.cbf.gz.txt
BONMIN_BB,sssd-weak-30-8,UserLimit,532985.9949,NaN,3667.358777,3676.145128,BONMIN_BB.sssd-weak-30-8.cbf.gz.txt
BONMIN_BB,uflquad-nopsc-20-150,UserLimit,1132.81311,NaN,3695.072175,3704.955921,BONMIN_BB.uflquad-nopsc-20-150.cbf.gz.txt
BONMIN_BB,uflquad-nopsc-30-300,UserLimit,NaN,NaN,3837.171267,3856.924074,BONMIN_BB.uflquad-nopsc-30-300.cbf.gz.txt
BONMIN_BB,uflquad-psc-20-100,UserLimit,NaN,NaN,3687.105182,3696.580273,BONMIN_BB.uflquad-psc-20-100.cbf.gz.txt
BONMIN_OA,ck_n75_m10_o3_5,UserLimit,NaN,NaN,3605.25895,3614.174925,BONMIN_OA.ck_n75_m10_o3_5.cbf.gz.txt
BONMIN_OA,ck_n75_m20_o1_5,UserLimit,NaN,NaN,3604.572189,3613.525725,BONMIN_OA.ck_n75_m20_o1_5.cbf.gz.txt
BONMIN_OA,ck_n75_m20_o3_5,UserLimit,NaN,NaN,3605.785021,3614.711034,BONMIN_OA.ck_n75_m20_o3_5.cbf.gz.txt
BONMIN_OA,ck_n75_m20_o5_5,UserLimit,NaN,NaN,3605.201973,3614.153132,BONMIN_OA.ck_n75_m20_o5_5.cbf.gz.txt
BONMIN_OA,classical_200_1,UserLimit,NaN,NaN,3703.488824,3713.075623,BONMIN_OA.classical_200_1.cbf.gz.txt
BONMIN_OA,classical_200_2,UserLimit,NaN,NaN,3683.638799,3693.456858,BONMIN_OA.classical_200_2.cbf.gz.txt
BONMIN_OA,classical_200_3,UserLimit,NaN,NaN,3686.329896,3695.861239,BONMIN_OA.classical_200_3.cbf.gz.txt
BONMIN_OA,classical_50_1,UserLimit,NaN,NaN,3638.416108,3647.560822,BONMIN_OA.classical_50_1.cbf.gz.txt
BONMIN_OA,classical_50_2,UserLimit,NaN,NaN,3634.124855,3643.351469,BONMIN_OA.classical_50_2.cbf.gz.txt
BONMIN_OA,classical_50_3,UserLimit,NaN,NaN,3649.173738,3658.470901,BONMIN_OA.classical_50_3.cbf.gz.txt
BONMIN_OA,pp-n100-d10,UserLimit,NaN,NaN,3616.370305,3625.224849,BONMIN_OA.pp-n100-d10.cbf.gz.txt
BONMIN_OA,pp-n1000-d10,UserLimit,NaN,NaN,3605.034356,3614.127807,BONMIN_OA.pp-n1000-d10.cbf.gz.txt
BONMIN_OA,pp-n1000-d10000,UserLimit,NaN,NaN,3605.501719,3614.512356,BONMIN_OA.pp-n1000-d10000.cbf.gz.txt
BONMIN_OA,robust_100_1,UserLimit,NaN,NaN,3723.620118,3732.839046,BONMIN_OA.robust_100_1.cbf.gz.txt
BONMIN_OA,robust_100_2,UserLimit,NaN,NaN,3694.396569,3703.734997,BONMIN_OA.robust_100_2.cbf.gz.txt
BONMIN_OA,robust_100_3,UserLimit,NaN,NaN,3731.693668,3740.955368,BONMIN_OA.robust_100_3.cbf.gz.txt
BONMIN_OA,robust_200_1,UserLimit,NaN,NaN,3708.85671,3718.760685,BONMIN_OA.robust_200_1.cbf.gz.txt
BONMIN_OA,robust_200_2,UserLimit,NaN,NaN,3702.90057,3712.984722,BONMIN_OA.robust_200_2.cbf.gz.txt
BONMIN_OA,robust_200_3,UserLimit,NaN,NaN,3688.775386,3698.864461,BONMIN_OA.robust_200_3.cbf.gz.txt
BONMIN_OA,shortfall_100_1,UserLimit,NaN,NaN,3695.093174,3704.121371,BONMIN_OA.shortfall_100_1.cbf.gz.txt
BONMIN_OA,shortfall_100_2,UserLimit,NaN,NaN,3677.258146,3686.345681,BONMIN_OA.shortfall_100_2.cbf.gz.txt
BONMIN_OA,shortfall_100_3,UserLimit,NaN,NaN,3680.153959,3689.234226,BONMIN_OA.shortfall_100_3.cbf.gz.txt
BONMIN_OA,shortfall_200_1,UserLimit,NaN,NaN,3663.308171,3673.223513,BONMIN_OA.shortfall_200_1.cbf.gz.txt
BONMIN_OA,shortfall_200_2,UserLimit,NaN,NaN,3681.569738,3691.295709,BONMIN_OA.shortfall_200_2.cbf.gz.txt
BONMIN_OA,shortfall_200_3,UserLimit,NaN,NaN,3697.356316,3707.083816,BONMIN_OA.shortfall_200_3.cbf.gz.txt
BONMIN_OA,shortfall_50_1,UserLimit,NaN,NaN,3627.206044,3636.18325,BONMIN_OA.shortfall_50_1.cbf.gz.txt
BONMIN_OA,shortfall_50_2,UserLimit,NaN,NaN,3636.200123,3645.137611,BONMIN_OA.shortfall_50_2.cbf.gz.txt
BONMIN_OA,shortfall_50_3,UserLimit,NaN,NaN,3631.646094,3640.591536,BONMIN_OA.shortfall_50_3.cbf.gz.txt
BONMIN_OA,sssd-strong-15-4,UserLimit,NaN,NaN,3614.406884,3623.383,BONMIN_OA.sssd-strong-15-4.cbf.gz.txt
BONMIN_OA,sssd-strong-15-8,UserLimit,NaN,NaN,3609.805268,3618.758251,BONMIN_OA.sssd-strong-15-8.cbf.gz.txt
BONMIN_OA,sssd-strong-20-4,UserLimit,NaN,NaN,3615.509317,3624.572867,BONMIN_OA.sssd-strong-20-4.cbf.gz.txt
BONMIN_OA,sssd-strong-20-8,UserLimit,NaN,NaN,3610.041745,3619.087762,BONMIN_OA.sssd-strong-20-8.cbf.gz.txt
BONMIN_OA,sssd-strong-25-4,UserLimit,NaN,NaN,3618.613509,3627.711505,BONMIN_OA.sssd-strong-25-4.cbf.gz.txt
BONMIN_OA,sssd-strong-25-8,UserLimit,NaN,NaN,3611.541572,3620.440189,BONMIN_OA.sssd-strong-25-8.cbf.gz.txt
BONMIN_OA,sssd-strong-30-4,UserLimit,NaN,NaN,3614.091521,3623.049222,BONMIN_OA.sssd-strong-30-4.cbf.gz.txt
BONMIN_OA,sssd-strong-30-8,UserLimit,NaN,NaN,3609.616807,3618.603522,BONMIN_OA.sssd-strong-30-8.cbf.gz.txt
BONMIN_OA,sssd-weak-15-4,UserLimit,NaN,NaN,3613.610916,3622.548014,BONMIN_OA.sssd-weak-15-4.cbf.gz.txt
BONMIN_OA,sssd-weak-15-8,UserLimit,NaN,NaN,3611.717549,3620.868821,BONMIN_OA.sssd-weak-15-8.cbf.gz.txt
BONMIN_OA,sssd-weak-20-4,UserLimit,NaN,NaN,3617.800209,3627.083039,BONMIN_OA.sssd-weak-20-4.cbf.gz.txt
BONMIN_OA,sssd-weak-20-8,UserLimit,NaN,NaN,3610.10602,3619.208658,BONMIN_OA.sssd-weak-20-8.cbf.gz.txt
BONMIN_OA,sssd-weak-25-4,UserLimit,NaN,NaN,3617.732939,3626.842695,BONMIN_OA.sssd-weak-25-4.cbf.gz.txt
BONMIN_OA,sssd-weak-25-8,UserLimit,NaN,NaN,3609.599042,3618.823106,BONMIN_OA.sssd-weak-25-8.cbf.gz.txt
BONMIN_OA,sssd-weak-30-4,UserLimit,NaN,NaN,3618.527463,3627.524581,BONMIN_OA.sssd-weak-30-4.cbf.gz.txt
BONMIN_OA,sssd-weak-30-8,UserLimit,NaN,NaN,3609.631075,3618.757204,BONMIN_OA.sssd-weak-30-8.cbf.gz.txt
BONMIN_OA,stolpe07-83flowc,UserLimit,NaN,NaN,3608.455198,3617.482938,BONMIN_OA.stolpe07-83flowc.cbf.gz.txt
BONMIN_OADIS,ck_n75_m10_o3_5,UserLimit,NaN,NaN,3605.061792,3613.978272,BONMIN_OADIS.ck_n75_m10_o3_5.cbf.gz.txt
BONMIN_OADIS,ck_n75_m20_o1_5,UserLimit,NaN,NaN,3604.530706,3613.56944,BONMIN_OADIS.ck_n75_m20_o1_5.cbf.gz.txt
BONMIN_OADIS,ck_n75_m20_o3_5,UserLimit,NaN,NaN,3605.774852,3614.820486,BONMIN_OADIS.ck_n75_m20_o3_5.cbf.gz.txt
BONMIN_OADIS,ck_n75_m20_o5_5,UserLimit,NaN,NaN,3605.434912,3614.504517,BONMIN_OADIS.ck_n75_m20_o5_5.cbf.gz.txt
BONMIN_OADIS,classical_200_1,UserLimit,NaN,NaN,3602.437489,3612.059647,BONMIN_OADIS.classical_200_1.cbf.gz.txt
BONMIN_OADIS,classical_200_2,UserLimit,NaN,NaN,3604.398694,3613.820652,BONMIN_OADIS.classical_200_2.cbf.gz.txt
BONMIN_OADIS,classical_200_3,UserLimit,NaN,NaN,3603.753762,3613.391782,BONMIN_OADIS.classical_200_3.cbf.gz.txt
BONMIN_OADIS,classical_50_3,UserLimit,NaN,NaN,3601.679999,3610.715866,BONMIN_OADIS.classical_50_3.cbf.gz.txt
BONMIN_OADIS,pp-n100-d10,UserLimit,NaN,NaN,3616.638063,3625.594633,BONMIN_OADIS.pp-n100-d10.cbf.gz.txt
BONMIN_OADIS,pp-n1000-d10,UserLimit,NaN,NaN,3605.197259,3614.354821,BONMIN_OADIS.pp-n1000-d10.cbf.gz.txt
BONMIN_OADIS,pp-n1000-d10000,UserLimit,NaN,NaN,3605.685053,3614.871226,BONMIN_OADIS.pp-n1000-d10000.cbf.gz.txt
BONMIN_OADIS,robust_100_1,UserLimit,NaN,NaN,3601.277394,3610.480205,BONMIN_OADIS.robust_100_1.cbf.gz.txt
BONMIN_OADIS,robust_200_1,UserLimit,NaN,NaN,3620.097553,3630.195247,BONMIN_OADIS.robust_200_1.cbf.gz.txt
BONMIN_OADIS,robust_200_2,UserLimit,NaN,NaN,3620.021274,3629.976063,BONMIN_OADIS.robust_200_2.cbf.gz.txt
BONMIN_OADIS,robust_200_3,UserLimit,NaN,NaN,3637.795695,3647.874383,BONMIN_OADIS.robust_200_3.cbf.gz.txt
BONMIN_OADIS,shortfall_100_1,UserLimit,NaN,NaN,3602.202068,3611.951868,BONMIN_OADIS.shortfall_100_1.cbf.gz.txt
BONMIN_OADIS,shortfall_100_2,UserLimit,NaN,NaN,3601.909057,3611.748911,BONMIN_OADIS.shortfall_100_2.cbf.gz.txt
BONMIN_OADIS,shortfall_100_3,UserLimit,NaN,NaN,3603.094986,3612.864523,BONMIN_OADIS.shortfall_100_3.cbf.gz.txt
BONMIN_OADIS,shortfall_200_1,UserLimit,NaN,NaN,3631.254551,3641.878824,BONMIN_OADIS.shortfall_200_1.cbf.gz.txt
BONMIN_OADIS,shortfall_200_2,UserLimit,NaN,NaN,3640.147975,3650.673127,BONMIN_OADIS.shortfall_200_2.cbf.gz.txt
BONMIN_OADIS,shortfall_200_3,UserLimit,NaN,NaN,3652.443081,3663.090172,BONMIN_OADIS.shortfall_200_3.cbf.gz.txt
BONMIN_OADIS,shortfall_50_3,UserLimit,NaN,NaN,3601.58337,3611.230373,BONMIN_OADIS.shortfall_50_3.cbf.gz.txt
BONMIN_OADIS,sssd-strong-15-4,UserLimit,NaN,NaN,3614.065412,3622.864088,BONMIN_OADIS.sssd-strong-15-4.cbf.gz.txt
BONMIN_OADIS,sssd-strong-15-8,UserLimit,NaN,NaN,3609.934675,3618.748892,BONMIN_OADIS.sssd-strong-15-8.cbf.gz.txt
BONMIN_OADIS,sssd-strong-20-4,UserLimit,NaN,NaN,3615.571149,3624.548043,BONMIN_OADIS.sssd-strong-20-4.cbf.gz.txt
BONMIN_OADIS,sssd-strong-20-8,UserLimit,NaN,NaN,3610.285092,3619.172799,BONMIN_OADIS.sssd-strong-20-8.cbf.gz.txt
BONMIN_OADIS,sssd-strong-25-4,UserLimit,NaN,NaN,3618.735209,3627.570124,BONMIN_OADIS.sssd-strong-25-4.cbf.gz.txt
BONMIN_OADIS,sssd-strong-25-8,UserLimit,NaN,NaN,3611.202062,3619.986686,BONMIN_OADIS.sssd-strong-25-8.cbf.gz.txt
BONMIN_OADIS,sssd-strong-30-4,UserLimit,NaN,NaN,3614.64518,3623.408641,BONMIN_OADIS.sssd-strong-30-4.cbf.gz.txt
BONMIN_OADIS,sssd-strong-30-8,UserLimit,NaN,NaN,3609.544257,3618.430611,BONMIN_OADIS.sssd-strong-30-8.cbf.gz.txt
BONMIN_OADIS,sssd-weak-15-4,UserLimit,NaN,NaN,3613.489237,3622.373175,BONMIN_OADIS.sssd-weak-15-4.cbf.gz.txt
BONMIN_OADIS,sssd-weak-15-8,UserLimit,NaN,NaN,3609.862244,3618.78529,BONMIN_OADIS.sssd-weak-15-8.cbf.gz.txt
BONMIN_OADIS,sssd-weak-20-4,UserLimit,NaN,NaN,3616.61052,3625.469801,BONMIN_OADIS.sssd-weak-20-4.cbf.gz.txt
BONMIN_OADIS,sssd-weak-20-8,UserLimit,NaN,NaN,3608.833927,3617.669601,BONMIN_OADIS.sssd-weak-20-8.cbf.gz.txt
BONMIN_OADIS,sssd-weak-25-4,UserLimit,NaN,NaN,3615.608189,3624.426195,BONMIN_OADIS.sssd-weak-25-4.cbf.gz.txt
BONMIN_OADIS,sssd-weak-25-8,UserLimit,NaN,NaN,3608.746314,3617.554091,BONMIN_OADIS.sssd-weak-25-8.cbf.gz.txt
BONMIN_OADIS,sssd-weak-30-4,UserLimit,NaN,NaN,3616.86985,3625.694832,BONMIN_OADIS.sssd-weak-30-4.cbf.gz.txt
BONMIN_OADIS,sssd-weak-30-8,UserLimit,NaN,NaN,3608.861139,3617.71864,BONMIN_OADIS.sssd-weak-30-8.cbf.gz.txt
BONMIN_OADIS,stolpe07-83flowc,UserLimit,NaN,NaN,3608.291766,3617.111701,BONMIN_OADIS.stolpe07-83flowc.cbf.gz.txt
PAJ_CBC_CIP,achtziger_stolpe06-62flowc,UserLimit,Inf,46.34083542,3605.708354,3605.715238,PAJ_CBC_CIP.achtziger_stolpe06-62flowc.cbf.gz.txt
PAJ_CBC_CIP,achtziger_stolpe07-51flowc,UserLimit,Inf,42.42334627,3605.950782,3605.95763,PAJ_CBC_CIP.achtziger_stolpe07-51flowc.cbf.gz.txt
PAJ_CBC_CIP,achtziger_stolpe07-52bflowc,UserLimit,31.31375879,31.27237648,3602.832969,3602.834879,PAJ_CBC_CIP.achtziger_stolpe07-52bflowc.cbf.gz.txt
PAJ_CBC_CIP,classical_200_1,UserLimit,-0.111986475,-0.122063893,3601.185797,3601.186081,PAJ_CBC_CIP.classical_200_1.cbf.gz.txt
PAJ_CBC_CIP,classical_200_2,UserLimit,Inf,-0.119585026,3602.025786,3602.030197,PAJ_CBC_CIP.classical_200_2.cbf.gz.txt
PAJ_CBC_CIP,classical_200_3,UserLimit,Inf,-0.117750885,3602.102701,3602.107082,PAJ_CBC_CIP.classical_200_3.cbf.gz.txt
PAJ_CBC_CIP,pp-n1000-d10000,UserLimit,220441.7661,216112.1867,3601.654978,3601.658765,PAJ_CBC_CIP.pp-n1000-d10000.cbf.gz.txt
PAJ_CBC_CIP,robust_200_1,UserLimit,-0.142704358,-0.144456726,3602.92112,3602.92141,PAJ_CBC_CIP.robust_200_1.cbf.gz.txt
PAJ_CBC_CIP,robust_200_3,UserLimit,-0.126959658,-0.135064034,3601.987057,3601.987313,PAJ_CBC_CIP.robust_200_3.cbf.gz.txt
PAJ_CBC_CIP,shortfall_100_1,UserLimit,-1.106349676,-1.10662135,3601.283342,3601.283693,PAJ_CBC_CIP.shortfall_100_1.cbf.gz.txt
PAJ_CBC_CIP,shortfall_100_2,UserLimit,-1.099910634,-1.104634482,3600.959583,3600.959892,PAJ_CBC_CIP.shortfall_100_2.cbf.gz.txt
PAJ_CBC_CIP,shortfall_100_3,UserLimit,-1.103117623,-1.103462404,3601.255229,3601.255534,PAJ_CBC_CIP.shortfall_100_3.cbf.gz.txt
PAJ_CBC_CIP,shortfall_200_1,UserLimit,Inf,-1.144737534,3601.748409,3601.748714,PAJ_CBC_CIP.shortfall_200_1.cbf.gz.txt
PAJ_CBC_CIP,shortfall_200_2,UserLimit,Inf,-1.139645763,3601.713717,3601.718363,PAJ_CBC_CIP.shortfall_200_2.cbf.gz.txt
PAJ_CBC_CIP,shortfall_200_3,UserLimit,Inf,-1.137051719,3601.76946,3601.773982,PAJ_CBC_CIP.shortfall_200_3.cbf.gz.txt
PAJ_CBC_CIP,sssd-strong-15-8,UserLimit,629358.7646,613177.4017,3617.447657,3617.447982,PAJ_CBC_CIP.sssd-strong-15-8.cbf.gz.txt
PAJ_CBC_CIP,sssd-strong-25-8,UserLimit,500752.836,500744.8727,3601.601322,3601.601632,PAJ_CBC_CIP.sssd-strong-25-8.cbf.gz.txt
PAJ_CBC_CIP,sssd-weak-20-8,UserLimit,600350.1556,600338.7852,3600.2632,3600.263519,PAJ_CBC_CIP.sssd-weak-20-8.cbf.gz.txt
PAJ_CBC_CIP,sssd-weak-25-8,UserLimit,Inf,419928.1919,3622.775089,3622.780402,PAJ_CBC_CIP.sssd-weak-25-8.cbf.gz.txt
PAJ_CBC_CIP,sssd-weak-30-8,UserLimit,529461.6531,528090.6718,3602.567062,3602.567382,PAJ_CBC_CIP.sssd-weak-30-8.cbf.gz.txt
PAJ_CBC_CIP,stolpe07-83flowc,UserLimit,46.42344558,46.10242267,3603.059775,3603.060843,PAJ_CBC_CIP.stolpe07-83flowc.cbf.gz.txt
PAJ_CBC_ECOS,100_0_5_w,UserLimit,Inf,1.72E+07,3711.955782,3711.972958,PAJ_CBC_ECOS.100_0_5_w.cbf.gz.txt
PAJ_CBC_ECOS,150_0_5_w,UserLimit,Inf,2.41E+07,3741.091259,3741.112535,PAJ_CBC_ECOS.150_0_5_w.cbf.gz.txt
PAJ_CBC_ECOS,200_0_5_w,UserLimit,Inf,3.42E+07,3788.420995,3788.44596,PAJ_CBC_ECOS.200_0_5_w.cbf.gz.txt
PAJ_CBC_ECOS,50_0_5_w,UserLimit,Inf,9.96E+06,3700.822512,3700.832798,PAJ_CBC_ECOS.50_0_5_w.cbf.gz.txt
PAJ_CBC_ECOS,75_0_5_w,UserLimit,Inf,1.22E+07,3701.885029,3701.900529,PAJ_CBC_ECOS.75_0_5_w.cbf.gz.txt
PAJ_CBC_ECOS,achtziger_stolpe06-62flowc,UserLimit,48.80863003,47.25153892,3609.792594,3609.794946,PAJ_CBC_ECOS.achtziger_stolpe06-62flowc.cbf.gz.txt
PAJ_CBC_ECOS,achtziger_stolpe06-65bflowc,UserLimit,2.620043792,2.513929789,3625.935578,3625.948428,PAJ_CBC_ECOS.achtziger_stolpe06-65bflowc.cbf.gz.txt
PAJ_CBC_ECOS,achtziger_stolpe07-51flowc,UserLimit,Inf,42.26031253,3618.334967,3618.341313,PAJ_CBC_ECOS.achtziger_stolpe07-51flowc.cbf.gz.txt
PAJ_CBC_ECOS,achtziger_stolpe07-52bflowc,UserLimit,31.31370841,31.27237664,3614.18666,3614.188434,PAJ_CBC_ECOS.achtziger_stolpe07-52bflowc.cbf.gz.txt
PAJ_CBC_ECOS,classical_200_1,UserLimit,Inf,-0.122063182,3601.558226,3601.558522,PAJ_CBC_ECOS.classical_200_1.cbf.gz.txt
PAJ_CBC_ECOS,classical_200_2,UserLimit,Inf,-0.121053963,3602.888724,3602.89327,PAJ_CBC_ECOS.classical_200_2.cbf.gz.txt
PAJ_CBC_ECOS,classical_200_3,UserLimit,Inf,-0.117629074,3602.985571,3602.992614,PAJ_CBC_ECOS.classical_200_3.cbf.gz.txt
PAJ_CBC_ECOS,pp-n1000-d10,UserLimit,7425.080294,7340.306963,3673.095744,3673.099335,PAJ_CBC_ECOS.pp-n1000-d10.cbf.gz.txt
PAJ_CBC_ECOS,pp-n1000-d10000,UserLimit,220164.488,216112.4575,3836.827233,3836.830697,PAJ_CBC_ECOS.pp-n1000-d10000.cbf.gz.txt
PAJ_CBC_ECOS,robust_200_1,UserLimit,-0.142704371,-0.14445698,3602.778335,3602.778641,PAJ_CBC_ECOS.robust_200_1.cbf.gz.txt
PAJ_CBC_ECOS,robust_200_3,UserLimit,-0.126959669,-0.135004365,3601.915601,3601.915928,PAJ_CBC_ECOS.robust_200_3.cbf.gz.txt
PAJ_CBC_ECOS,shortfall_100_1,UserLimit,-1.1063497,-1.106566152,3600.996528,3600.996793,PAJ_CBC_ECOS.shortfall_100_1.cbf.gz.txt
PAJ_CBC_ECOS,shortfall_100_2,UserLimit,-1.09732855,-1.105220165,3602.047378,3602.047617,PAJ_CBC_ECOS.shortfall_100_2.cbf.gz.txt
PAJ_CBC_ECOS,shortfall_100_3,UserLimit,-1.103117633,-1.103391366,3601.275214,3601.275452,PAJ_CBC_ECOS.shortfall_100_3.cbf.gz.txt
PAJ_CBC_ECOS,shortfall_200_1,UserLimit,-1.130660991,-1.142680889,3602.39381,3602.394077,PAJ_CBC_ECOS.shortfall_200_1.cbf.gz.txt
PAJ_CBC_ECOS,shortfall_200_2,UserLimit,Inf,-1.140257447,3602.266131,3602.270246,PAJ_CBC_ECOS.shortfall_200_2.cbf.gz.txt
PAJ_CBC_ECOS,shortfall_200_3,UserLimit,Inf,-1.137477505,3603.728145,3603.732269,PAJ_CBC_ECOS.shortfall_200_3.cbf.gz.txt
PAJ_CBC_ECOS,sssd-strong-15-8,UserLimit,629359.139,612700.8247,3620.283461,3620.283798,PAJ_CBC_ECOS.sssd-strong-15-8.cbf.gz.txt
PAJ_CBC_ECOS,sssd-weak-15-8,UserLimit,622515.407,622483.7241,3602.497518,3602.497861,PAJ_CBC_ECOS.sssd-weak-15-8.cbf.gz.txt
PAJ_CBC_ECOS,sssd-weak-20-8,UserLimit,Inf,510545.5412,3621.963496,3621.968109,PAJ_CBC_ECOS.sssd-weak-20-8.cbf.gz.txt
PAJ_CBC_ECOS,sssd-weak-25-8,UserLimit,Inf,419767.7469,3620.493355,3620.498433,PAJ_CBC_ECOS.sssd-weak-25-8.cbf.gz.txt
PAJ_CBC_ECOS,sssd-weak-30-8,UserLimit,Inf,452361.9884,3620.38312,3620.389619,PAJ_CBC_ECOS.sssd-weak-30-8.cbf.gz.txt
PAJ_CBC_ECOS,stolpe07-83flowc,UserLimit,46.42342003,46.34033789,3601.340148,3601.341295,PAJ_CBC_ECOS.stolpe07-83flowc.cbf.gz.txt